user_id,channel_id,click_datetime
1,3,2023-10-05 00:00:00
1,5,2023-10-18 00:00:00
1,7,2023-10-23 00:00:00
1,3,2023-10-20 00:00:00
1,3,2023-10-08 00:00:00
1,5,2023-10-01 00:00:00
1,3,2023-10-19 00:00:00
2,4,2023-10-14 00:00:00
2,6,2023-09-16 00:00:00
2,4,2023-10-05 00:00:00
2,1,2023-09-26 00:00:00
2,2,2023-10-06 00:00:00
3,1,2023-09-09 00:00:00
3,3,2023-09-19 00:00:00
3,7,2023-09-02 00:00:00
3,4,2023-09-20 00:00:00
3,7,2023-09-22 00:00:00
4,6,2023-07-12 00:00:00
4,4,2023-07-16 00:00:00
4,4,2023-07-18 00:00:00
4,3,2023-06-28 00:00:00
4,3,2023-06-30 00:00:00
4,5,2023-07-02 00:00:00
5,4,2023-10-25 00:00:00
5,4,2023-10-14 00:00:00
5,2,2023-10-26 00:00:00
5,1,2023-10-26 00:00:00
5,5,2023-10-02 00:00:00
5,4,2023-10-28 00:00:00
5,7,2023-10-28 00:00:00
6,7,2023-09-23 00:00:00
6,6,2023-10-07 00:00:00
6,4,2023-10-08 00:00:00
6,4,2023-09-22 00:00:00
6,6,2023-09-26 00:00:00
6,6,2023-09-30 00:00:00
6,4,2023-10-12 00:00:00
7,2,2023-08-04 00:00:00
7,4,2023-07-11 00:00:00
7,2,2023-08-08 00:00:00
7,4,2023-07-23 00:00:00
7,7,2023-07-25 00:00:00
8,4,2023-08-27 00:00:00
8,6,2023-08-10 00:00:00
8,5,2023-08-18 00:00:00
8,5,2023-08-20 00:00:00
8,7,2023-08-23 00:00:00
8,2,2023-08-27 00:00:00
8,4,2023-08-30 00:00:00
9,5,2023-02-24 00:00:00
9,5,2023-02-10 00:00:00
9,1,2023-02-16 00:00:00
9,1,2023-03-05 00:00:00
10,7,2023-05-26 00:00:00
11,3,2023-03-24 00:00:00
11,1,2023-04-17 00:00:00
11,5,2023-03-31 00:00:00
12,4,2023-02-16 00:00:00
12,1,2023-02-17 00:00:00
12,4,2023-02-11 00:00:00
12,1,2023-02-25 00:00:00
12,7,2023-03-04 00:00:00
12,6,2023-03-05 00:00:00
12,5,2023-02-12 00:00:00
13,3,2023-08-04 00:00:00
13,1,2023-08-04 00:00:00
13,5,2023-08-16 00:00:00
13,6,2023-08-04 00:00:00
14,2,2023-01-27 00:00:00
15,1,2023-10-24 00:00:00
15,7,2023-11-04 00:00:00
15,2,2023-11-06 00:00:00
15,5,2023-10-28 00:00:00
15,7,2023-10-16 00:00:00
15,1,2023-10-29 00:00:00
15,5,2023-10-13 00:00:00
16,5,2023-09-02 00:00:00
16,3,2023-09-16 00:00:00
16,4,2023-08-31 00:00:00
16,7,2023-09-14 00:00:00
16,3,2023-09-09 00:00:00
16,4,2023-08-20 00:00:00
17,6,2023-03-10 00:00:00
17,5,2023-02-19 00:00:00
18,4,2023-02-08 00:00:00
18,4,2023-02-26 00:00:00
18,6,2023-02-07 00:00:00
18,2,2023-02-19 00:00:00
19,6,2023-08-19 00:00:00
19,1,2023-09-12 00:00:00
19,3,2023-09-17 00:00:00
19,1,2023-09-07 00:00:00
20,3,2023-08-27 00:00:00
20,6,2023-08-28 00:00:00
20,3,2023-08-29 00:00:00
20,6,2023-08-25 00:00:00
20,1,2023-09-08 00:00:00
21,7,2023-07-17 00:00:00
21,6,2023-07-14 00:00:00
22,1,2023-07-28 00:00:00
23,4,2023-03-22 00:00:00
24,5,2023-05-09 00:00:00
24,1,2023-05-19 00:00:00
24,1,2023-04-24 00:00:00
24,2,2023-05-20 00:00:00
24,6,2023-05-15 00:00:00
24,5,2023-04-23 00:00:00
24,1,2023-05-11 00:00:00
25,5,2023-05-21 00:00:00
25,2,2023-05-15 00:00:00
25,7,2023-05-13 00:00:00
25,7,2023-05-20 00:00:00
25,3,2023-05-26 00:00:00
25,7,2023-05-15 00:00:00
26,6,2023-04-29 00:00:00
26,3,2023-04-23 00:00:00
26,1,2023-04-16 00:00:00
26,4,2023-05-04 00:00:00
26,6,2023-04-23 00:00:00
27,4,2023-10-13 00:00:00
27,3,2023-09-19 00:00:00
27,3,2023-10-11 00:00:00
27,3,2023-10-04 00:00:00
27,4,2023-09-22 00:00:00
28,7,2023-05-25 00:00:00
28,1,2023-05-18 00:00:00
28,4,2023-06-01 00:00:00
28,1,2023-05-25 00:00:00
29,3,2023-10-31 00:00:00
29,4,2023-11-09 00:00:00
29,2,2023-11-09 00:00:00
29,1,2023-11-13 00:00:00
29,4,2023-11-10 00:00:00
29,2,2023-10-25 00:00:00
29,6,2023-11-05 00:00:00
30,3,2023-02-28 00:00:00
30,1,2023-02-14 00:00:00
30,3,2023-02-24 00:00:00
30,3,2023-02-25 00:00:00
30,6,2023-03-01 00:00:00
31,3,2023-05-12 00:00:00
32,4,2023-05-13 00:00:00
32,3,2023-04-29 00:00:00
32,6,2023-05-08 00:00:00
32,3,2023-05-08 00:00:00
33,6,2023-07-15 00:00:00
33,5,2023-07-21 00:00:00
33,4,2023-07-13 00:00:00
33,4,2023-07-13 00:00:00
33,6,2023-08-02 00:00:00
34,3,2023-05-31 00:00:00
34,1,2023-05-30 00:00:00
34,4,2023-06-10 00:00:00
34,3,2023-06-05 00:00:00
35,6,2023-02-20 00:00:00
35,6,2023-01-27 00:00:00
35,5,2023-02-09 00:00:00
35,6,2023-01-29 00:00:00
35,3,2023-02-17 00:00:00
35,2,2023-02-11 00:00:00
35,6,2023-01-22 00:00:00
36,4,2023-05-29 00:00:00
36,1,2023-06-12 00:00:00
36,4,2023-06-23 00:00:00
36,6,2023-06-24 00:00:00
37,3,2023-02-02 00:00:00
37,1,2023-01-10 00:00:00
37,5,2023-01-22 00:00:00
37,6,2023-01-26 00:00:00
37,7,2023-01-08 00:00:00
37,4,2023-01-06 00:00:00
38,5,2023-07-30 00:00:00
38,7,2023-07-10 00:00:00
38,3,2023-07-27 00:00:00
38,1,2023-07-19 00:00:00
39,2,2023-02-25 00:00:00
39,6,2023-03-18 00:00:00
39,2,2023-03-09 00:00:00
39,6,2023-03-17 00:00:00
39,2,2023-03-21 00:00:00
39,2,2023-02-24 00:00:00
39,2,2023-03-11 00:00:00
40,6,2023-11-10 00:00:00
41,7,2023-07-14 00:00:00
41,3,2023-07-06 00:00:00
41,1,2023-07-12 00:00:00
41,5,2023-07-16 00:00:00
41,2,2023-06-25 00:00:00
41,1,2023-06-22 00:00:00
41,5,2023-07-08 00:00:00
42,6,2023-10-06 00:00:00
43,4,2023-05-24 00:00:00
43,2,2023-06-14 00:00:00
43,7,2023-06-13 00:00:00
43,3,2023-06-16 00:00:00
43,2,2023-06-21 00:00:00
43,5,2023-06-13 00:00:00
44,6,2023-03-15 00:00:00
44,4,2023-03-08 00:00:00
45,6,2023-10-08 00:00:00
45,4,2023-10-02 00:00:00
45,1,2023-10-05 00:00:00
45,5,2023-10-25 00:00:00
45,4,2023-10-09 00:00:00
45,5,2023-10-04 00:00:00
46,5,2023-10-08 00:00:00
46,6,2023-10-03 00:00:00
46,3,2023-10-11 00:00:00
46,4,2023-10-04 00:00:00
47,2,2023-06-02 00:00:00
47,3,2023-05-20 00:00:00
47,7,2023-05-22 00:00:00
47,4,2023-05-29 00:00:00
47,7,2023-05-29 00:00:00
48,6,2023-05-19 00:00:00
48,7,2023-05-05 00:00:00
48,4,2023-05-17 00:00:00
48,1,2023-05-22 00:00:00
48,2,2023-04-27 00:00:00
49,6,2023-11-07 00:00:00
49,1,2023-10-24 00:00:00
49,5,2023-11-06 00:00:00
49,1,2023-11-01 00:00:00
49,5,2023-10-23 00:00:00
49,7,2023-10-21 00:00:00
49,6,2023-11-14 00:00:00
50,2,2023-04-01 00:00:00
50,3,2023-03-21 00:00:00
50,6,2023-04-10 00:00:00
50,5,2023-03-30 00:00:00
50,4,2023-03-21 00:00:00
50,7,2023-04-02 00:00:00
50,6,2023-03-30 00:00:00
51,2,2023-08-17 00:00:00
51,5,2023-07-29 00:00:00
51,4,2023-07-23 00:00:00
51,6,2023-08-21 00:00:00
51,5,2023-08-14 00:00:00
51,2,2023-08-01 00:00:00
52,2,2023-04-29 00:00:00
52,7,2023-04-19 00:00:00
52,2,2023-04-28 00:00:00
52,2,2023-04-10 00:00:00
52,5,2023-04-22 00:00:00
52,4,2023-04-25 00:00:00
53,1,2023-10-12 00:00:00
53,3,2023-10-04 00:00:00
53,4,2023-10-02 00:00:00
53,3,2023-10-12 00:00:00
53,1,2023-09-15 00:00:00
53,5,2023-10-03 00:00:00
53,3,2023-09-19 00:00:00
54,1,2023-03-13 00:00:00
54,2,2023-03-16 00:00:00
54,4,2023-04-03 00:00:00
54,5,2023-03-17 00:00:00
55,3,2023-09-27 00:00:00
55,3,2023-10-02 00:00:00
55,1,2023-10-05 00:00:00
55,5,2023-10-05 00:00:00
55,2,2023-10-05 00:00:00
55,6,2023-09-11 00:00:00
55,3,2023-09-18 00:00:00
56,2,2023-08-04 00:00:00
56,2,2023-07-27 00:00:00
56,3,2023-08-12 00:00:00
56,4,2023-08-08 00:00:00
56,5,2023-08-12 00:00:00
56,1,2023-07-18 00:00:00
56,2,2023-07-19 00:00:00
57,3,2023-07-27 00:00:00
58,2,2023-02-21 00:00:00
58,7,2023-02-28 00:00:00
58,7,2023-03-06 00:00:00
59,1,2023-10-17 00:00:00
59,5,2023-10-17 00:00:00
59,1,2023-09-27 00:00:00
59,1,2023-10-24 00:00:00
59,1,2023-10-11 00:00:00
60,1,2023-04-15 00:00:00
60,5,2023-04-20 00:00:00
60,3,2023-04-10 00:00:00
60,4,2023-04-05 00:00:00
60,5,2023-04-02 00:00:00
60,3,2023-04-05 00:00:00
61,6,2023-10-30 00:00:00
62,5,2023-05-28 00:00:00
62,3,2023-06-04 00:00:00
62,1,2023-06-12 00:00:00
63,7,2023-03-09 00:00:00
63,1,2023-02-28 00:00:00
63,5,2023-03-14 00:00:00
64,7,2023-07-18 00:00:00
64,7,2023-07-30 00:00:00
65,7,2023-07-10 00:00:00
65,3,2023-06-22 00:00:00
65,2,2023-06-26 00:00:00
65,4,2023-06-20 00:00:00
65,2,2023-07-07 00:00:00
66,6,2023-09-16 00:00:00
66,6,2023-09-22 00:00:00
66,2,2023-09-18 00:00:00
66,2,2023-10-06 00:00:00
67,5,2023-08-10 00:00:00
67,5,2023-07-18 00:00:00
68,5,2023-05-16 00:00:00
68,6,2023-06-04 00:00:00
68,1,2023-05-22 00:00:00
69,4,2023-05-17 00:00:00
70,5,2023-10-13 00:00:00
70,6,2023-10-08 00:00:00
70,3,2023-10-11 00:00:00
70,2,2023-10-20 00:00:00
71,3,2023-05-18 00:00:00
71,5,2023-05-23 00:00:00
71,4,2023-06-04 00:00:00
71,2,2023-05-25 00:00:00
71,4,2023-05-13 00:00:00
71,5,2023-05-14 00:00:00
71,7,2023-05-06 00:00:00
72,1,2023-08-05 00:00:00
72,1,2023-08-02 00:00:00
72,1,2023-07-14 00:00:00
73,2,2023-05-25 00:00:00
73,5,2023-05-26 00:00:00
73,5,2023-05-28 00:00:00
73,5,2023-05-29 00:00:00
73,6,2023-06-03 00:00:00
74,5,2023-09-12 00:00:00
74,3,2023-09-27 00:00:00
74,4,2023-10-03 00:00:00
75,1,2023-03-04 00:00:00
75,6,2023-03-02 00:00:00
76,5,2023-01-22 00:00:00
76,6,2023-01-03 00:00:00
76,7,2023-01-25 00:00:00
76,3,2023-01-12 00:00:00
76,2,2023-01-16 00:00:00
76,6,2023-01-12 00:00:00
76,4,2023-01-21 00:00:00
77,2,2023-06-20 00:00:00
77,2,2023-07-10 00:00:00
78,4,2023-02-01 00:00:00
78,1,2023-01-31 00:00:00
79,1,2023-05-25 00:00:00
79,5,2023-06-13 00:00:00
79,5,2023-06-21 00:00:00
80,3,2023-03-15 00:00:00
80,6,2023-03-04 00:00:00
80,3,2023-02-19 00:00:00
80,7,2023-03-11 00:00:00
80,2,2023-02-24 00:00:00
81,3,2023-09-11 00:00:00
81,5,2023-09-21 00:00:00
81,1,2023-09-20 00:00:00
81,1,2023-09-16 00:00:00
81,7,2023-09-15 00:00:00
81,3,2023-09-19 00:00:00
82,1,2023-03-25 00:00:00
82,3,2023-03-30 00:00:00
83,1,2023-04-10 00:00:00
84,4,2023-01-22 00:00:00
84,5,2023-01-10 00:00:00
84,6,2023-01-08 00:00:00
84,5,2023-01-28 00:00:00
84,5,2023-01-26 00:00:00
84,5,2023-01-15 00:00:00
84,2,2023-01-24 00:00:00
85,6,2023-04-03 00:00:00
86,3,2023-01-13 00:00:00
86,5,2023-01-04 00:00:00
86,6,2023-01-01 00:00:00
86,1,2023-01-08 00:00:00
86,2,2023-01-28 00:00:00
86,7,2023-01-08 00:00:00
87,2,2023-06-04 00:00:00
87,6,2023-06-24 00:00:00
87,3,2023-06-29 00:00:00
87,2,2023-06-14 00:00:00
87,1,2023-06-24 00:00:00
87,4,2023-06-07 00:00:00
87,6,2023-07-02 00:00:00
88,7,2023-05-06 00:00:00
88,7,2023-05-06 00:00:00
88,5,2023-05-12 00:00:00
89,3,2023-03-25 00:00:00
89,7,2023-03-12 00:00:00
89,4,2023-03-08 00:00:00
89,6,2023-03-24 00:00:00
89,2,2023-03-24 00:00:00
89,6,2023-03-21 00:00:00
90,6,2023-09-06 00:00:00
90,7,2023-10-03 00:00:00
90,6,2023-09-28 00:00:00
91,1,2023-02-24 00:00:00
91,5,2023-02-23 00:00:00
92,1,2023-07-12 00:00:00
92,1,2023-07-30 00:00:00
93,2,2023-03-15 00:00:00
93,5,2023-03-11 00:00:00
93,5,2023-04-08 00:00:00
93,3,2023-03-20 00:00:00
94,1,2023-05-13 00:00:00
94,7,2023-05-06 00:00:00
94,7,2023-05-01 00:00:00
95,4,2023-01-15 00:00:00
95,4,2023-01-31 00:00:00
95,1,2023-01-10 00:00:00
95,3,2023-02-03 00:00:00
95,5,2023-01-25 00:00:00
95,5,2023-02-02 00:00:00
96,5,2023-10-21 00:00:00
96,4,2023-10-13 00:00:00
96,5,2023-10-25 00:00:00
97,5,2023-01-09 00:00:00
97,4,2023-01-26 00:00:00
97,6,2023-01-02 00:00:00
97,1,2023-01-14 00:00:00
97,2,2023-01-13 00:00:00
98,2,2023-04-07 00:00:00
98,7,2023-04-07 00:00:00
98,6,2023-03-28 00:00:00
99,7,2023-05-02 00:00:00
99,5,2023-05-03 00:00:00
99,2,2023-04-20 00:00:00
99,1,2023-04-24 00:00:00
99,1,2023-04-19 00:00:00
99,5,2023-05-06 00:00:00
100,6,2023-05-20 00:00:00
100,2,2023-06-03 00:00:00
100,7,2023-05-20 00:00:00
100,2,2023-05-19 00:00:00
100,2,2023-05-20 00:00:00
100,3,2023-05-30 00:00:00
100,3,2023-05-13 00:00:00
101,7,2023-05-04 00:00:00
101,3,2023-05-05 00:00:00
101,4,2023-05-03 00:00:00
102,3,2023-11-08 00:00:00
102,7,2023-11-14 00:00:00
103,2,2023-02-03 00:00:00
103,1,2023-02-13 00:00:00
103,7,2023-02-18 00:00:00
103,2,2023-02-26 00:00:00
103,4,2023-02-21 00:00:00
103,1,2023-02-09 00:00:00
103,4,2023-02-21 00:00:00
104,1,2023-03-20 00:00:00
104,2,2023-03-22 00:00:00
104,4,2023-03-22 00:00:00
104,6,2023-03-09 00:00:00
105,1,2023-10-02 00:00:00
105,3,2023-09-30 00:00:00
105,1,2023-09-25 00:00:00
105,6,2023-10-10 00:00:00
105,2,2023-09-22 00:00:00
105,3,2023-10-14 00:00:00
105,3,2023-10-03 00:00:00
106,1,2023-08-17 00:00:00
106,5,2023-09-07 00:00:00
106,5,2023-08-22 00:00:00
106,6,2023-09-08 00:00:00
106,4,2023-09-15 00:00:00
106,3,2023-09-15 00:00:00
107,7,2023-04-13 00:00:00
107,7,2023-04-07 00:00:00
107,3,2023-04-12 00:00:00
107,5,2023-04-08 00:00:00
107,7,2023-04-10 00:00:00
107,2,2023-04-24 00:00:00
108,4,2023-03-30 00:00:00
108,6,2023-04-06 00:00:00
108,1,2023-04-14 00:00:00
108,6,2023-04-03 00:00:00
109,7,2023-07-23 00:00:00
109,2,2023-07-31 00:00:00
109,5,2023-07-24 00:00:00
109,5,2023-07-18 00:00:00
109,2,2023-08-03 00:00:00
109,4,2023-07-31 00:00:00
110,4,2023-08-29 00:00:00
110,4,2023-08-27 00:00:00
110,1,2023-09-07 00:00:00
110,6,2023-08-18 00:00:00
111,7,2023-05-22 00:00:00
111,5,2023-05-29 00:00:00
111,3,2023-05-19 00:00:00
111,6,2023-06-05 00:00:00
111,2,2023-05-23 00:00:00
112,4,2023-05-19 00:00:00
112,5,2023-05-25 00:00:00
112,2,2023-06-06 00:00:00
112,1,2023-05-22 00:00:00
112,1,2023-06-03 00:00:00
112,1,2023-05-28 00:00:00
112,7,2023-06-10 00:00:00
113,7,2023-04-20 00:00:00
113,5,2023-05-03 00:00:00
113,4,2023-04-15 00:00:00
113,2,2023-04-17 00:00:00
113,5,2023-04-27 00:00:00
113,3,2023-04-12 00:00:00
114,3,2023-03-19 00:00:00
114,1,2023-03-24 00:00:00
115,5,2023-03-08 00:00:00
115,3,2023-03-09 00:00:00
115,5,2023-03-14 00:00:00
115,4,2023-03-30 00:00:00
115,3,2023-03-21 00:00:00
115,5,2023-03-05 00:00:00
116,2,2023-04-17 00:00:00
116,4,2023-04-12 00:00:00
116,5,2023-03-28 00:00:00
117,7,2023-10-30 00:00:00
118,3,2023-11-12 00:00:00
118,6,2023-10-15 00:00:00
118,7,2023-10-29 00:00:00
118,1,2023-11-08 00:00:00
118,1,2023-10-15 00:00:00
118,7,2023-11-06 00:00:00
119,3,2023-04-20 00:00:00
119,3,2023-04-19 00:00:00
120,7,2023-03-26 00:00:00
120,2,2023-03-27 00:00:00
120,7,2023-03-22 00:00:00
120,5,2023-03-08 00:00:00
120,4,2023-04-06 00:00:00
120,7,2023-04-03 00:00:00
121,6,2023-06-30 00:00:00
121,1,2023-07-04 00:00:00
121,5,2023-07-02 00:00:00
121,7,2023-06-06 00:00:00
122,6,2023-07-16 00:00:00
122,2,2023-07-19 00:00:00
122,3,2023-07-24 00:00:00
122,1,2023-08-05 00:00:00
122,6,2023-07-27 00:00:00
122,7,2023-07-29 00:00:00
123,4,2023-08-27 00:00:00
123,7,2023-09-01 00:00:00
123,5,2023-09-01 00:00:00
123,7,2023-08-07 00:00:00
124,2,2023-07-18 00:00:00
124,7,2023-07-10 00:00:00
124,3,2023-06-25 00:00:00
124,4,2023-07-17 00:00:00
125,5,2023-10-29 00:00:00
125,3,2023-11-08 00:00:00
125,2,2023-10-17 00:00:00
126,7,2023-05-28 00:00:00
126,2,2023-05-27 00:00:00
126,3,2023-05-25 00:00:00
126,2,2023-05-26 00:00:00
126,6,2023-05-31 00:00:00
126,1,2023-05-14 00:00:00
127,4,2023-04-24 00:00:00
127,4,2023-04-25 00:00:00
127,4,2023-04-29 00:00:00
127,4,2023-04-18 00:00:00
127,5,2023-04-21 00:00:00
127,7,2023-04-23 00:00:00
127,1,2023-05-11 00:00:00
128,5,2023-03-05 00:00:00
128,1,2023-03-13 00:00:00
128,3,2023-03-14 00:00:00
128,1,2023-03-05 00:00:00
128,5,2023-03-12 00:00:00
128,2,2023-03-05 00:00:00
128,4,2023-03-13 00:00:00
129,7,2023-01-22 00:00:00
129,7,2023-01-19 00:00:00
129,7,2023-01-21 00:00:00
129,7,2023-01-09 00:00:00
129,5,2023-01-09 00:00:00
129,2,2023-01-20 00:00:00
129,1,2023-01-21 00:00:00
130,7,2023-11-06 00:00:00
130,1,2023-11-12 00:00:00
131,2,2023-10-27 00:00:00
131,2,2023-11-16 00:00:00
131,2,2023-11-16 00:00:00
132,3,2023-06-03 00:00:00
133,3,2023-09-29 00:00:00
133,1,2023-09-14 00:00:00
133,4,2023-09-13 00:00:00
133,5,2023-10-01 00:00:00
134,5,2023-07-06 00:00:00
135,4,2023-06-20 00:00:00
135,5,2023-06-19 00:00:00
135,7,2023-06-19 00:00:00
135,4,2023-06-11 00:00:00
135,1,2023-06-22 00:00:00
135,6,2023-06-24 00:00:00
136,5,2023-03-11 00:00:00
136,1,2023-03-10 00:00:00
136,1,2023-03-16 00:00:00
136,6,2023-03-26 00:00:00
137,6,2023-08-28 00:00:00
137,5,2023-08-15 00:00:00
137,5,2023-08-27 00:00:00
138,3,2023-06-10 00:00:00
138,1,2023-06-06 00:00:00
138,3,2023-06-07 00:00:00
138,2,2023-05-25 00:00:00
138,6,2023-06-20 00:00:00
138,1,2023-06-10 00:00:00
139,3,2023-06-18 00:00:00
139,1,2023-06-22 00:00:00
139,5,2023-07-07 00:00:00
139,7,2023-06-17 00:00:00
139,2,2023-06-24 00:00:00
139,3,2023-06-28 00:00:00
140,7,2023-04-24 00:00:00
140,2,2023-04-03 00:00:00
141,1,2023-02-01 00:00:00
141,7,2023-01-10 00:00:00
141,7,2023-02-03 00:00:00
141,7,2023-02-05 00:00:00
141,6,2023-02-01 00:00:00
142,3,2023-09-04 00:00:00
142,1,2023-09-13 00:00:00
142,7,2023-08-24 00:00:00
142,2,2023-08-19 00:00:00
142,6,2023-09-09 00:00:00
142,6,2023-08-27 00:00:00
142,4,2023-09-05 00:00:00
143,5,2023-07-14 00:00:00
143,7,2023-07-23 00:00:00
143,2,2023-07-07 00:00:00
143,2,2023-07-07 00:00:00
143,1,2023-07-23 00:00:00
144,5,2023-06-14 00:00:00
144,4,2023-06-24 00:00:00
144,4,2023-06-13 00:00:00
144,2,2023-05-27 00:00:00
144,7,2023-05-31 00:00:00
145,2,2023-01-12 00:00:00
145,3,2023-02-02 00:00:00
145,7,2023-01-22 00:00:00
145,4,2023-01-15 00:00:00
146,6,2023-09-21 00:00:00
146,2,2023-10-03 00:00:00
146,4,2023-09-15 00:00:00
146,4,2023-10-08 00:00:00
146,6,2023-09-24 00:00:00
147,6,2023-08-13 00:00:00
148,1,2023-08-20 00:00:00
148,3,2023-08-19 00:00:00
148,6,2023-08-11 00:00:00
149,1,2023-08-31 00:00:00
149,1,2023-09-15 00:00:00
150,6,2023-08-26 00:00:00
150,2,2023-09-17 00:00:00
150,5,2023-09-04 00:00:00
150,2,2023-09-14 00:00:00
150,5,2023-09-02 00:00:00
150,6,2023-09-09 00:00:00
151,4,2023-02-19 00:00:00
151,6,2023-02-12 00:00:00
151,1,2023-02-15 00:00:00
151,1,2023-02-16 00:00:00
151,2,2023-02-22 00:00:00
152,2,2023-05-18 00:00:00
152,5,2023-05-23 00:00:00
152,1,2023-05-02 00:00:00
152,3,2023-05-04 00:00:00
152,2,2023-05-08 00:00:00
152,5,2023-05-21 00:00:00
152,5,2023-05-03 00:00:00
153,1,2023-07-17 00:00:00
153,5,2023-07-19 00:00:00
154,6,2023-05-03 00:00:00
154,4,2023-05-23 00:00:00
154,3,2023-05-02 00:00:00
154,3,2023-05-22 00:00:00
154,4,2023-05-20 00:00:00
154,2,2023-05-30 00:00:00
155,3,2023-09-27 00:00:00
155,1,2023-10-20 00:00:00
155,7,2023-10-01 00:00:00
155,3,2023-10-15 00:00:00
155,2,2023-10-16 00:00:00
156,6,2023-06-22 00:00:00
156,5,2023-06-24 00:00:00
156,1,2023-06-26 00:00:00
156,4,2023-06-15 00:00:00
156,4,2023-06-19 00:00:00
156,3,2023-06-20 00:00:00
156,3,2023-06-17 00:00:00
157,2,2023-07-21 00:00:00
157,5,2023-07-28 00:00:00
157,1,2023-07-27 00:00:00
157,1,2023-07-20 00:00:00
157,1,2023-08-17 00:00:00
157,3,2023-07-27 00:00:00
158,7,2023-01-27 00:00:00
158,3,2023-02-11 00:00:00
159,4,2023-05-06 00:00:00
159,6,2023-04-23 00:00:00
159,2,2023-04-29 00:00:00
159,3,2023-04-22 00:00:00
159,4,2023-05-14 00:00:00
160,2,2023-02-10 00:00:00
160,7,2023-02-02 00:00:00
160,7,2023-01-28 00:00:00
161,3,2023-03-28 00:00:00
161,7,2023-04-10 00:00:00
161,1,2023-04-12 00:00:00
161,5,2023-04-11 00:00:00
161,6,2023-03-28 00:00:00
161,1,2023-04-07 00:00:00
162,7,2023-10-21 00:00:00
163,7,2023-02-04 00:00:00
163,7,2023-02-11 00:00:00
164,5,2023-10-30 00:00:00
164,2,2023-10-15 00:00:00
164,6,2023-10-23 00:00:00
164,5,2023-10-15 00:00:00
164,1,2023-10-27 00:00:00
164,2,2023-11-04 00:00:00
164,7,2023-11-06 00:00:00
165,6,2023-08-30 00:00:00
165,7,2023-08-13 00:00:00
166,1,2023-04-26 00:00:00
166,7,2023-05-06 00:00:00
167,4,2023-04-30 00:00:00
167,2,2023-04-20 00:00:00
167,5,2023-04-28 00:00:00
168,7,2023-07-13 00:00:00
168,7,2023-07-16 00:00:00
169,5,2023-01-25 00:00:00
170,1,2023-08-13 00:00:00
171,6,2023-04-19 00:00:00
171,7,2023-04-20 00:00:00
171,2,2023-04-19 00:00:00
171,6,2023-05-14 00:00:00
171,7,2023-04-30 00:00:00
172,3,2023-10-27 00:00:00
172,7,2023-10-14 00:00:00
172,4,2023-10-29 00:00:00
172,6,2023-10-17 00:00:00
172,5,2023-10-30 00:00:00
173,1,2023-09-08 00:00:00
173,4,2023-09-07 00:00:00
173,1,2023-09-02 00:00:00
173,6,2023-09-17 00:00:00
173,7,2023-08-30 00:00:00
174,6,2023-03-22 00:00:00
174,3,2023-03-18 00:00:00
174,6,2023-03-29 00:00:00
174,6,2023-03-23 00:00:00
175,6,2023-05-30 00:00:00
175,1,2023-06-10 00:00:00
175,1,2023-06-15 00:00:00
175,6,2023-06-09 00:00:00
176,3,2023-06-14 00:00:00
177,5,2023-03-12 00:00:00
177,4,2023-03-07 00:00:00
177,7,2023-03-25 00:00:00
177,7,2023-03-15 00:00:00
177,3,2023-03-31 00:00:00
178,1,2023-08-20 00:00:00
178,4,2023-08-17 00:00:00
178,3,2023-08-21 00:00:00
178,4,2023-09-11 00:00:00
178,7,2023-09-04 00:00:00
179,5,2023-09-13 00:00:00
179,2,2023-09-10 00:00:00
179,2,2023-09-24 00:00:00
179,2,2023-09-08 00:00:00
179,1,2023-09-25 00:00:00
180,5,2023-09-23 00:00:00
180,6,2023-10-03 00:00:00
180,7,2023-10-05 00:00:00
181,4,2023-05-04 00:00:00
182,3,2023-03-11 00:00:00
183,2,2023-07-26 00:00:00
183,1,2023-07-20 00:00:00
183,3,2023-06-29 00:00:00
184,5,2023-10-10 00:00:00
184,1,2023-10-04 00:00:00
184,4,2023-10-09 00:00:00
184,5,2023-09-27 00:00:00
184,3,2023-10-04 00:00:00
184,3,2023-10-22 00:00:00
185,1,2023-01-31 00:00:00
185,1,2023-01-30 00:00:00
185,4,2023-02-07 00:00:00
185,1,2023-02-12 00:00:00
186,3,2023-10-14 00:00:00
187,7,2023-05-09 00:00:00
187,3,2023-05-08 00:00:00
188,4,2023-02-21 00:00:00
188,5,2023-03-05 00:00:00
189,2,2023-03-29 00:00:00
189,5,2023-04-20 00:00:00
189,5,2023-04-09 00:00:00
189,2,2023-03-24 00:00:00
189,2,2023-03-29 00:00:00
190,1,2023-08-30 00:00:00
190,3,2023-09-09 00:00:00
190,4,2023-08-25 00:00:00
191,1,2023-03-12 00:00:00
191,3,2023-03-12 00:00:00
191,1,2023-03-20 00:00:00
192,3,2023-07-15 00:00:00
192,4,2023-07-16 00:00:00
193,5,2023-09-17 00:00:00
193,1,2023-09-10 00:00:00
193,7,2023-09-14 00:00:00
193,2,2023-09-01 00:00:00
193,3,2023-09-12 00:00:00
194,7,2023-02-25 00:00:00
194,4,2023-02-09 00:00:00
194,6,2023-02-20 00:00:00
194,5,2023-02-19 00:00:00
194,7,2023-02-09 00:00:00
194,5,2023-02-21 00:00:00
195,1,2023-05-09 00:00:00
195,7,2023-04-24 00:00:00
195,4,2023-05-16 00:00:00
196,6,2023-06-30 00:00:00
196,6,2023-06-18 00:00:00
196,2,2023-06-20 00:00:00
196,2,2023-07-09 00:00:00
196,4,2023-06-26 00:00:00
197,5,2023-02-27 00:00:00
197,4,2023-02-25 00:00:00
197,4,2023-02-23 00:00:00
197,4,2023-03-04 00:00:00
197,1,2023-02-17 00:00:00
197,6,2023-02-22 00:00:00
198,6,2023-08-06 00:00:00
198,3,2023-07-29 00:00:00
199,7,2023-10-25 00:00:00
199,4,2023-09-30 00:00:00
200,4,2023-09-12 00:00:00
200,4,2023-08-21 00:00:00
200,5,2023-08-25 00:00:00
201,7,2023-05-28 00:00:00
202,7,2023-03-24 00:00:00
202,2,2023-03-12 00:00:00
202,2,2023-03-27 00:00:00
203,5,2023-04-17 00:00:00
203,7,2023-04-23 00:00:00
203,7,2023-05-07 00:00:00
203,5,2023-04-19 00:00:00
204,2,2023-10-29 00:00:00
204,6,2023-11-03 00:00:00
204,6,2023-10-25 00:00:00
204,3,2023-10-17 00:00:00
205,4,2023-09-21 00:00:00
206,6,2023-04-12 00:00:00
206,1,2023-03-29 00:00:00
206,3,2023-04-20 00:00:00
206,1,2023-04-19 00:00:00
206,4,2023-03-30 00:00:00
207,5,2023-06-13 00:00:00
207,1,2023-07-05 00:00:00
207,4,2023-06-28 00:00:00
207,7,2023-06-22 00:00:00
207,3,2023-06-18 00:00:00
207,4,2023-06-24 00:00:00
207,1,2023-06-27 00:00:00
208,7,2023-02-03 00:00:00
208,6,2023-01-25 00:00:00
208,4,2023-01-14 00:00:00
208,3,2023-02-05 00:00:00
208,4,2023-01-28 00:00:00
209,7,2023-03-11 00:00:00
209,6,2023-02-28 00:00:00
209,7,2023-03-03 00:00:00
209,6,2023-02-26 00:00:00
210,1,2023-08-21 00:00:00
210,1,2023-09-12 00:00:00
210,7,2023-09-06 00:00:00
210,6,2023-09-05 00:00:00
211,3,2023-03-25 00:00:00
211,1,2023-03-20 00:00:00
211,5,2023-03-30 00:00:00
211,6,2023-03-30 00:00:00
211,6,2023-03-27 00:00:00
212,3,2023-06-27 00:00:00
212,1,2023-06-15 00:00:00
212,4,2023-06-20 00:00:00
212,1,2023-06-22 00:00:00
212,3,2023-07-06 00:00:00
212,3,2023-07-08 00:00:00
212,1,2023-07-01 00:00:00
213,7,2023-03-02 00:00:00
213,6,2023-03-08 00:00:00
213,4,2023-03-06 00:00:00
213,1,2023-02-24 00:00:00
214,1,2023-01-02 00:00:00
214,1,2023-01-14 00:00:00
215,4,2023-04-12 00:00:00
215,6,2023-03-24 00:00:00
215,2,2023-03-23 00:00:00
215,7,2023-04-12 00:00:00
215,6,2023-04-12 00:00:00
215,2,2023-04-01 00:00:00
216,7,2023-04-27 00:00:00
216,1,2023-04-23 00:00:00
217,6,2023-05-11 00:00:00
217,6,2023-05-11 00:00:00
217,7,2023-05-11 00:00:00
218,2,2023-08-19 00:00:00
218,6,2023-08-11 00:00:00
219,3,2023-04-27 00:00:00
219,3,2023-05-10 00:00:00
219,4,2023-04-26 00:00:00
219,2,2023-05-12 00:00:00
219,2,2023-04-23 00:00:00
219,7,2023-04-29 00:00:00
220,3,2023-01-31 00:00:00
220,6,2023-01-25 00:00:00
220,7,2023-01-25 00:00:00
220,5,2023-02-07 00:00:00
221,2,2023-09-18 00:00:00
221,7,2023-09-13 00:00:00
221,4,2023-09-12 00:00:00
221,5,2023-09-22 00:00:00
221,5,2023-09-22 00:00:00
222,2,2023-11-01 00:00:00
222,2,2023-11-14 00:00:00
222,6,2023-10-31 00:00:00
223,3,2023-03-27 00:00:00
224,3,2023-09-28 00:00:00
224,5,2023-09-21 00:00:00
225,1,2023-08-01 00:00:00
225,4,2023-08-11 00:00:00
225,6,2023-08-15 00:00:00
225,7,2023-08-20 00:00:00
225,5,2023-08-18 00:00:00
225,4,2023-07-30 00:00:00
225,4,2023-08-22 00:00:00
226,4,2023-02-12 00:00:00
226,2,2023-02-05 00:00:00
226,3,2023-01-28 00:00:00
226,4,2023-02-14 00:00:00
227,2,2023-08-30 00:00:00
227,2,2023-08-19 00:00:00
227,6,2023-08-22 00:00:00
227,2,2023-09-03 00:00:00
227,3,2023-09-10 00:00:00
228,4,2023-05-07 00:00:00
228,5,2023-05-22 00:00:00
228,5,2023-05-19 00:00:00
228,1,2023-05-07 00:00:00
228,2,2023-05-12 00:00:00
228,4,2023-05-20 00:00:00
229,2,2023-04-08 00:00:00
229,6,2023-04-10 00:00:00
229,2,2023-04-19 00:00:00
229,5,2023-04-01 00:00:00
229,6,2023-04-09 00:00:00
229,1,2023-04-26 00:00:00
230,6,2023-05-14 00:00:00
230,7,2023-05-15 00:00:00
230,4,2023-04-22 00:00:00
230,7,2023-04-26 00:00:00
230,1,2023-05-17 00:00:00
230,1,2023-05-15 00:00:00
231,3,2023-03-11 00:00:00
231,5,2023-03-07 00:00:00
231,4,2023-03-30 00:00:00
231,4,2023-03-19 00:00:00
232,3,2023-10-23 00:00:00
232,3,2023-11-04 00:00:00
232,6,2023-10-29 00:00:00
232,2,2023-11-11 00:00:00
232,2,2023-10-25 00:00:00
232,6,2023-10-22 00:00:00
232,1,2023-10-18 00:00:00
233,3,2023-10-02 00:00:00
233,1,2023-10-15 00:00:00
233,6,2023-10-10 00:00:00
233,4,2023-10-15 00:00:00
234,5,2023-07-05 00:00:00
234,5,2023-07-10 00:00:00
234,1,2023-07-17 00:00:00
235,7,2023-06-19 00:00:00
235,6,2023-06-16 00:00:00
235,3,2023-07-03 00:00:00
235,4,2023-06-22 00:00:00
236,1,2023-05-14 00:00:00
236,4,2023-06-04 00:00:00
236,5,2023-05-10 00:00:00
236,7,2023-05-12 00:00:00
236,6,2023-05-14 00:00:00
236,5,2023-06-05 00:00:00
237,1,2023-06-28 00:00:00
237,6,2023-06-21 00:00:00
237,2,2023-06-29 00:00:00
237,5,2023-06-27 00:00:00
237,3,2023-06-20 00:00:00
238,2,2023-09-02 00:00:00
238,1,2023-08-11 00:00:00
238,7,2023-08-28 00:00:00
238,7,2023-08-15 00:00:00
238,2,2023-08-27 00:00:00
238,4,2023-08-10 00:00:00
239,6,2023-06-12 00:00:00
239,4,2023-06-15 00:00:00
239,2,2023-06-09 00:00:00
239,4,2023-06-22 00:00:00
240,7,2023-05-16 00:00:00
240,5,2023-05-14 00:00:00
241,7,2023-03-28 00:00:00
241,1,2023-04-18 00:00:00
241,7,2023-04-21 00:00:00
241,3,2023-04-05 00:00:00
241,6,2023-04-13 00:00:00
242,2,2023-06-01 00:00:00
242,7,2023-06-01 00:00:00
243,3,2023-03-24 00:00:00
244,1,2023-11-03 00:00:00
245,5,2023-06-06 00:00:00
245,5,2023-05-30 00:00:00
245,2,2023-06-20 00:00:00
245,4,2023-05-23 00:00:00
245,2,2023-05-27 00:00:00
245,7,2023-05-30 00:00:00
245,1,2023-05-30 00:00:00
246,5,2023-07-03 00:00:00
247,7,2023-03-26 00:00:00
247,3,2023-03-21 00:00:00
247,2,2023-04-15 00:00:00
247,6,2023-03-31 00:00:00
247,4,2023-03-23 00:00:00
248,5,2023-03-31 00:00:00
248,7,2023-04-10 00:00:00
248,5,2023-04-02 00:00:00
249,5,2023-04-13 00:00:00
250,2,2023-03-23 00:00:00
251,1,2023-04-03 00:00:00
251,1,2023-04-19 00:00:00
251,3,2023-04-14 00:00:00
251,6,2023-04-28 00:00:00
251,3,2023-04-05 00:00:00
251,6,2023-04-16 00:00:00
251,2,2023-04-04 00:00:00
252,3,2023-10-12 00:00:00
252,2,2023-09-29 00:00:00
252,2,2023-09-27 00:00:00
252,4,2023-10-12 00:00:00
252,5,2023-10-17 00:00:00
252,1,2023-10-03 00:00:00
253,7,2023-10-31 00:00:00
253,4,2023-11-03 00:00:00
253,3,2023-11-04 00:00:00
253,7,2023-10-25 00:00:00
253,6,2023-11-06 00:00:00
254,7,2023-01-31 00:00:00
254,7,2023-02-05 00:00:00
254,7,2023-02-10 00:00:00
254,4,2023-02-04 00:00:00
255,3,2023-11-06 00:00:00
256,5,2023-10-25 00:00:00
256,3,2023-10-05 00:00:00
256,6,2023-11-01 00:00:00
256,4,2023-10-19 00:00:00
256,5,2023-10-23 00:00:00
256,6,2023-10-30 00:00:00
256,5,2023-10-18 00:00:00
257,2,2023-10-21 00:00:00
257,6,2023-11-04 00:00:00
257,2,2023-11-03 00:00:00
257,5,2023-10-21 00:00:00
258,7,2023-10-01 00:00:00
258,2,2023-09-26 00:00:00
259,7,2023-07-01 00:00:00
259,1,2023-06-17 00:00:00
259,5,2023-06-17 00:00:00
259,4,2023-06-27 00:00:00
259,4,2023-06-29 00:00:00
260,5,2023-06-30 00:00:00
260,7,2023-07-17 00:00:00
260,5,2023-07-13 00:00:00
260,6,2023-07-12 00:00:00
260,5,2023-07-12 00:00:00
260,4,2023-06-29 00:00:00
260,2,2023-06-29 00:00:00
261,2,2023-02-03 00:00:00
261,5,2023-01-19 00:00:00
261,1,2023-02-04 00:00:00
261,3,2023-01-14 00:00:00
261,4,2023-01-27 00:00:00
261,3,2023-01-13 00:00:00
261,4,2023-01-16 00:00:00
262,3,2023-05-29 00:00:00
262,2,2023-05-26 00:00:00
263,5,2023-09-13 00:00:00
263,1,2023-09-01 00:00:00
263,4,2023-08-31 00:00:00
263,1,2023-09-21 00:00:00
263,5,2023-09-15 00:00:00
263,6,2023-09-14 00:00:00
263,5,2023-09-13 00:00:00
264,3,2023-06-18 00:00:00
264,1,2023-06-22 00:00:00
264,5,2023-07-07 00:00:00
265,1,2023-09-12 00:00:00
266,5,2023-10-07 00:00:00
266,3,2023-09-29 00:00:00
266,6,2023-10-18 00:00:00
267,3,2023-09-04 00:00:00
267,4,2023-09-11 00:00:00
267,3,2023-09-01 00:00:00
267,2,2023-09-03 00:00:00
267,2,2023-09-04 00:00:00
267,5,2023-09-11 00:00:00
267,4,2023-09-05 00:00:00
268,3,2023-06-21 00:00:00
268,1,2023-07-09 00:00:00
268,6,2023-06-21 00:00:00
268,7,2023-06-16 00:00:00
268,5,2023-06-29 00:00:00
269,4,2023-05-14 00:00:00
269,4,2023-06-05 00:00:00
269,5,2023-05-17 00:00:00
269,6,2023-05-17 00:00:00
270,6,2023-03-19 00:00:00
270,5,2023-04-02 00:00:00
271,7,2023-05-21 00:00:00
271,2,2023-05-15 00:00:00
271,1,2023-05-12 00:00:00
272,4,2023-10-20 00:00:00
272,6,2023-10-24 00:00:00
273,5,2023-02-17 00:00:00
273,5,2023-02-19 00:00:00
274,2,2023-08-25 00:00:00
275,7,2023-05-16 00:00:00
275,4,2023-05-17 00:00:00
275,4,2023-05-08 00:00:00
275,4,2023-05-03 00:00:00
275,6,2023-05-13 00:00:00
275,7,2023-05-28 00:00:00
276,6,2023-04-18 00:00:00
276,4,2023-04-21 00:00:00
276,4,2023-04-14 00:00:00
277,5,2023-11-01 00:00:00
278,1,2023-09-08 00:00:00
278,4,2023-08-24 00:00:00
278,4,2023-08-20 00:00:00
278,5,2023-09-01 00:00:00
278,4,2023-08-19 00:00:00
278,7,2023-09-05 00:00:00
279,1,2023-03-27 00:00:00
279,2,2023-04-02 00:00:00
279,1,2023-03-15 00:00:00
279,1,2023-03-17 00:00:00
279,3,2023-03-26 00:00:00
280,4,2023-06-20 00:00:00
280,7,2023-06-08 00:00:00
280,3,2023-06-24 00:00:00
280,3,2023-06-17 00:00:00
280,6,2023-06-30 00:00:00
280,5,2023-06-22 00:00:00
281,7,2023-01-28 00:00:00
281,2,2023-01-17 00:00:00
282,6,2023-11-10 00:00:00
282,2,2023-11-16 00:00:00
283,3,2023-05-29 00:00:00
283,7,2023-06-02 00:00:00
283,6,2023-05-22 00:00:00
283,7,2023-06-03 00:00:00
283,3,2023-05-15 00:00:00
283,3,2023-05-15 00:00:00
284,4,2023-08-11 00:00:00
284,2,2023-08-18 00:00:00
284,2,2023-08-18 00:00:00
285,4,2023-10-29 00:00:00
285,1,2023-10-29 00:00:00
285,6,2023-10-29 00:00:00
285,5,2023-11-04 00:00:00
285,3,2023-10-18 00:00:00
286,5,2023-02-14 00:00:00
287,7,2023-01-28 00:00:00
287,5,2023-02-21 00:00:00
288,4,2023-10-27 00:00:00
288,7,2023-10-28 00:00:00
288,4,2023-11-01 00:00:00
288,5,2023-11-11 00:00:00
289,5,2023-06-19 00:00:00
289,6,2023-06-10 00:00:00
289,4,2023-07-01 00:00:00
289,3,2023-06-27 00:00:00
289,5,2023-06-27 00:00:00
289,2,2023-06-18 00:00:00
289,1,2023-06-10 00:00:00
290,2,2023-10-22 00:00:00
290,7,2023-10-17 00:00:00
290,7,2023-10-02 00:00:00
290,7,2023-10-12 00:00:00
290,1,2023-09-26 00:00:00
290,5,2023-10-02 00:00:00
291,6,2023-07-27 00:00:00
291,7,2023-07-24 00:00:00
291,4,2023-07-09 00:00:00
291,4,2023-07-12 00:00:00
292,1,2023-02-13 00:00:00
292,7,2023-03-08 00:00:00
292,4,2023-03-09 00:00:00
292,4,2023-02-12 00:00:00
292,4,2023-02-14 00:00:00
292,7,2023-02-26 00:00:00
292,7,2023-02-13 00:00:00
293,6,2023-08-07 00:00:00
293,3,2023-07-16 00:00:00
293,3,2023-08-06 00:00:00
293,6,2023-07-23 00:00:00
294,5,2023-09-07 00:00:00
294,5,2023-09-15 00:00:00
294,7,2023-08-18 00:00:00
294,6,2023-09-12 00:00:00
294,5,2023-09-07 00:00:00
294,6,2023-08-31 00:00:00
294,5,2023-08-26 00:00:00
295,5,2023-03-26 00:00:00
295,2,2023-03-23 00:00:00
295,5,2023-03-26 00:00:00
295,5,2023-03-23 00:00:00
295,5,2023-03-18 00:00:00
295,4,2023-03-22 00:00:00
295,3,2023-03-22 00:00:00
296,5,2023-07-29 00:00:00
296,7,2023-07-30 00:00:00
296,2,2023-08-08 00:00:00
296,4,2023-07-11 00:00:00
297,4,2023-05-09 00:00:00
297,3,2023-04-30 00:00:00
297,5,2023-05-11 00:00:00
297,5,2023-04-27 00:00:00
298,2,2023-02-02 00:00:00
298,1,2023-01-29 00:00:00
299,1,2023-05-08 00:00:00
300,4,2023-05-25 00:00:00
301,2,2023-04-24 00:00:00
301,2,2023-05-04 00:00:00
301,5,2023-05-04 00:00:00
301,3,2023-04-29 00:00:00
301,2,2023-04-14 00:00:00
302,1,2023-08-16 00:00:00
302,1,2023-08-29 00:00:00
302,7,2023-08-25 00:00:00
303,4,2023-03-10 00:00:00
303,7,2023-03-14 00:00:00
303,5,2023-03-17 00:00:00
303,1,2023-04-01 00:00:00
303,3,2023-03-10 00:00:00
304,1,2023-06-05 00:00:00
304,4,2023-06-21 00:00:00
304,2,2023-06-14 00:00:00
304,4,2023-06-11 00:00:00
304,4,2023-06-15 00:00:00
305,3,2023-02-07 00:00:00
305,2,2023-02-01 00:00:00
305,5,2023-02-26 00:00:00
306,2,2023-01-13 00:00:00
306,7,2023-01-23 00:00:00
306,4,2023-01-24 00:00:00
306,7,2023-01-15 00:00:00
306,1,2023-01-16 00:00:00
306,2,2023-01-22 00:00:00
307,4,2023-03-19 00:00:00
307,4,2023-03-03 00:00:00
308,1,2023-07-13 00:00:00
309,7,2023-07-26 00:00:00
309,2,2023-07-29 00:00:00
309,4,2023-07-20 00:00:00
309,3,2023-07-16 00:00:00
309,2,2023-07-30 00:00:00
309,5,2023-07-29 00:00:00
309,7,2023-07-24 00:00:00
310,3,2023-08-23 00:00:00
310,7,2023-08-30 00:00:00
310,2,2023-09-05 00:00:00
310,1,2023-09-07 00:00:00
311,2,2023-05-28 00:00:00
311,2,2023-05-25 00:00:00
311,4,2023-06-02 00:00:00
312,4,2023-08-19 00:00:00
312,6,2023-08-17 00:00:00
312,5,2023-08-03 00:00:00
312,2,2023-08-30 00:00:00
313,1,2023-02-19 00:00:00
313,1,2023-02-22 00:00:00
313,2,2023-02-28 00:00:00
313,5,2023-03-09 00:00:00
313,5,2023-03-09 00:00:00
313,6,2023-02-15 00:00:00
313,6,2023-02-14 00:00:00
314,3,2023-09-14 00:00:00
314,6,2023-09-03 00:00:00
314,1,2023-09-14 00:00:00
314,4,2023-09-21 00:00:00
314,5,2023-09-10 00:00:00
314,2,2023-09-21 00:00:00
314,5,2023-09-07 00:00:00
315,2,2023-10-24 00:00:00
315,3,2023-11-01 00:00:00
315,4,2023-10-22 00:00:00
315,6,2023-10-20 00:00:00
316,1,2023-07-31 00:00:00
316,3,2023-07-29 00:00:00
316,3,2023-07-30 00:00:00
316,5,2023-08-06 00:00:00
316,7,2023-07-19 00:00:00
317,5,2023-10-22 00:00:00
317,2,2023-11-02 00:00:00
317,1,2023-10-19 00:00:00
317,5,2023-10-10 00:00:00
317,1,2023-10-11 00:00:00
317,3,2023-10-17 00:00:00
317,2,2023-10-18 00:00:00
318,5,2023-01-23 00:00:00
319,3,2023-08-08 00:00:00
319,1,2023-08-22 00:00:00
319,5,2023-08-15 00:00:00
319,4,2023-08-10 00:00:00
319,6,2023-08-16 00:00:00
319,2,2023-09-01 00:00:00
319,6,2023-08-18 00:00:00
320,1,2023-01-15 00:00:00
321,3,2023-02-04 00:00:00
321,3,2023-02-11 00:00:00
321,6,2023-02-12 00:00:00
321,3,2023-01-24 00:00:00
321,2,2023-01-23 00:00:00
322,4,2023-05-21 00:00:00
322,6,2023-05-14 00:00:00
322,2,2023-05-16 00:00:00
322,6,2023-06-01 00:00:00
322,6,2023-05-19 00:00:00
322,7,2023-06-01 00:00:00
322,2,2023-05-17 00:00:00
323,4,2023-10-11 00:00:00
323,5,2023-10-06 00:00:00
323,1,2023-10-09 00:00:00
323,7,2023-09-20 00:00:00
323,5,2023-09-30 00:00:00
323,3,2023-10-10 00:00:00
324,7,2023-07-24 00:00:00
324,4,2023-07-28 00:00:00
324,6,2023-07-28 00:00:00
324,2,2023-08-03 00:00:00
324,2,2023-07-23 00:00:00
325,4,2023-07-25 00:00:00
325,1,2023-07-20 00:00:00
325,3,2023-07-28 00:00:00
325,5,2023-07-18 00:00:00
325,6,2023-08-01 00:00:00
325,6,2023-07-27 00:00:00
325,7,2023-07-10 00:00:00
326,4,2023-07-21 00:00:00
326,7,2023-07-08 00:00:00
326,7,2023-06-22 00:00:00
327,1,2023-05-22 00:00:00
327,4,2023-05-22 00:00:00
328,5,2023-04-28 00:00:00
328,1,2023-05-03 00:00:00
328,4,2023-05-17 00:00:00
328,7,2023-05-24 00:00:00
328,7,2023-05-03 00:00:00
328,7,2023-05-11 00:00:00
328,4,2023-05-08 00:00:00
329,2,2023-06-01 00:00:00
329,5,2023-06-10 00:00:00
329,4,2023-06-14 00:00:00
329,2,2023-06-03 00:00:00
329,3,2023-05-29 00:00:00
329,3,2023-06-02 00:00:00
329,6,2023-06-15 00:00:00
330,1,2023-08-12 00:00:00
330,5,2023-08-04 00:00:00
330,5,2023-08-04 00:00:00
330,2,2023-07-19 00:00:00
330,6,2023-08-11 00:00:00
330,3,2023-07-21 00:00:00
331,5,2023-02-27 00:00:00
331,5,2023-02-21 00:00:00
331,6,2023-03-15 00:00:00
331,4,2023-03-19 00:00:00
331,7,2023-02-24 00:00:00
332,1,2023-05-12 00:00:00
332,6,2023-05-17 00:00:00
333,4,2023-07-04 00:00:00
333,4,2023-07-17 00:00:00
333,7,2023-07-12 00:00:00
333,1,2023-06-26 00:00:00
333,5,2023-07-22 00:00:00
333,4,2023-07-02 00:00:00
334,7,2023-08-10 00:00:00
334,7,2023-09-04 00:00:00
334,6,2023-08-31 00:00:00
334,2,2023-08-23 00:00:00
334,6,2023-08-17 00:00:00
334,1,2023-08-20 00:00:00
335,1,2023-02-25 00:00:00
335,4,2023-03-08 00:00:00
335,3,2023-03-04 00:00:00
335,2,2023-03-10 00:00:00
335,3,2023-03-09 00:00:00
335,5,2023-02-16 00:00:00
336,6,2023-01-21 00:00:00
336,2,2023-01-30 00:00:00
337,7,2023-06-12 00:00:00
337,7,2023-06-17 00:00:00
337,2,2023-06-22 00:00:00
338,1,2023-05-26 00:00:00
338,2,2023-06-11 00:00:00
338,2,2023-05-26 00:00:00
338,3,2023-06-13 00:00:00
339,2,2023-06-30 00:00:00
339,4,2023-06-19 00:00:00
340,7,2023-03-27 00:00:00
341,5,2023-06-29 00:00:00
342,2,2023-02-07 00:00:00
342,1,2023-02-03 00:00:00
343,1,2023-06-27 00:00:00
343,6,2023-07-09 00:00:00
343,6,2023-06-27 00:00:00
343,1,2023-07-05 00:00:00
343,5,2023-06-30 00:00:00
343,2,2023-07-17 00:00:00
344,2,2023-03-08 00:00:00
345,7,2023-05-26 00:00:00
345,4,2023-05-28 00:00:00
345,7,2023-05-12 00:00:00
346,2,2023-03-02 00:00:00
346,3,2023-03-16 00:00:00
346,7,2023-03-20 00:00:00
346,4,2023-03-25 00:00:00
346,7,2023-03-03 00:00:00
346,6,2023-03-19 00:00:00
347,5,2023-06-06 00:00:00
347,6,2023-06-11 00:00:00
347,4,2023-06-05 00:00:00
347,3,2023-06-20 00:00:00
347,1,2023-05-30 00:00:00
347,2,2023-06-19 00:00:00
348,1,2023-03-30 00:00:00
348,6,2023-03-09 00:00:00
349,2,2023-04-26 00:00:00
349,3,2023-04-12 00:00:00
349,7,2023-04-26 00:00:00
349,7,2023-05-01 00:00:00
350,3,2023-07-15 00:00:00
350,5,2023-07-15 00:00:00
350,3,2023-07-20 00:00:00
351,4,2023-04-11 00:00:00
351,1,2023-03-18 00:00:00
351,5,2023-04-04 00:00:00
351,7,2023-03-23 00:00:00
352,2,2023-09-04 00:00:00
352,4,2023-09-14 00:00:00
352,6,2023-09-06 00:00:00
352,2,2023-09-01 00:00:00
352,3,2023-09-07 00:00:00
352,3,2023-09-21 00:00:00
352,2,2023-09-05 00:00:00
353,1,2023-08-30 00:00:00
353,5,2023-09-04 00:00:00
353,3,2023-08-12 00:00:00
353,4,2023-09-06 00:00:00
353,6,2023-08-21 00:00:00
353,6,2023-08-26 00:00:00
354,3,2023-01-25 00:00:00
355,1,2023-01-28 00:00:00
355,7,2023-02-05 00:00:00
355,5,2023-02-14 00:00:00
355,5,2023-01-17 00:00:00
355,4,2023-02-12 00:00:00
355,6,2023-02-10 00:00:00
355,7,2023-02-11 00:00:00
356,3,2023-05-12 00:00:00
356,1,2023-05-10 00:00:00
356,1,2023-05-11 00:00:00
356,1,2023-05-27 00:00:00
356,2,2023-06-02 00:00:00
356,6,2023-06-06 00:00:00
356,5,2023-05-10 00:00:00
357,4,2023-09-27 00:00:00
357,2,2023-09-27 00:00:00
357,3,2023-10-19 00:00:00
357,4,2023-10-16 00:00:00
357,3,2023-09-23 00:00:00
358,2,2023-08-22 00:00:00
358,3,2023-08-12 00:00:00
358,4,2023-08-30 00:00:00
358,2,2023-08-16 00:00:00
358,5,2023-08-28 00:00:00
358,2,2023-08-30 00:00:00
358,1,2023-08-21 00:00:00
359,2,2023-07-07 00:00:00
359,3,2023-07-13 00:00:00
359,2,2023-07-24 00:00:00
360,6,2023-10-22 00:00:00
360,5,2023-10-17 00:00:00
360,3,2023-11-04 00:00:00
361,4,2023-11-13 00:00:00
361,2,2023-10-17 00:00:00
361,3,2023-10-23 00:00:00
361,4,2023-10-30 00:00:00
361,7,2023-10-21 00:00:00
361,1,2023-11-04 00:00:00
361,4,2023-10-16 00:00:00
362,7,2023-05-10 00:00:00
362,4,2023-06-02 00:00:00
362,1,2023-05-22 00:00:00
362,6,2023-05-22 00:00:00
362,7,2023-05-28 00:00:00
362,3,2023-06-01 00:00:00
362,5,2023-05-28 00:00:00
363,4,2023-06-02 00:00:00
363,1,2023-05-28 00:00:00
363,1,2023-05-24 00:00:00
363,4,2023-06-03 00:00:00
363,7,2023-06-08 00:00:00
363,3,2023-05-22 00:00:00
364,3,2023-09-30 00:00:00
364,3,2023-10-04 00:00:00
364,2,2023-10-01 00:00:00
364,6,2023-09-13 00:00:00
364,6,2023-09-11 00:00:00
364,5,2023-09-15 00:00:00
365,3,2023-03-05 00:00:00
365,7,2023-02-17 00:00:00
365,3,2023-02-23 00:00:00
365,1,2023-02-28 00:00:00
365,6,2023-03-01 00:00:00
365,6,2023-02-26 00:00:00
366,6,2023-04-11 00:00:00
366,3,2023-04-02 00:00:00
366,3,2023-04-01 00:00:00
366,4,2023-04-12 00:00:00
366,5,2023-03-30 00:00:00
366,6,2023-04-01 00:00:00
367,7,2023-05-28 00:00:00
367,4,2023-05-22 00:00:00
367,7,2023-05-23 00:00:00
368,6,2023-05-20 00:00:00
368,5,2023-05-03 00:00:00
368,1,2023-05-29 00:00:00
368,1,2023-04-30 00:00:00
368,4,2023-05-24 00:00:00
368,6,2023-05-10 00:00:00
369,1,2023-09-10 00:00:00
369,6,2023-09-13 00:00:00
369,1,2023-08-18 00:00:00
369,3,2023-08-18 00:00:00
369,4,2023-08-22 00:00:00
370,6,2023-05-26 00:00:00
370,1,2023-05-28 00:00:00
371,7,2023-09-27 00:00:00
371,5,2023-10-11 00:00:00
371,1,2023-09-27 00:00:00
371,6,2023-09-23 00:00:00
371,3,2023-09-22 00:00:00
371,6,2023-09-29 00:00:00
371,5,2023-10-02 00:00:00
372,5,2023-10-05 00:00:00
372,4,2023-10-03 00:00:00
372,5,2023-10-31 00:00:00
372,1,2023-10-31 00:00:00
372,1,2023-10-06 00:00:00
373,1,2023-08-11 00:00:00
373,5,2023-08-26 00:00:00
373,7,2023-08-11 00:00:00
374,6,2023-03-31 00:00:00
374,7,2023-03-25 00:00:00
374,3,2023-04-11 00:00:00
374,4,2023-04-14 00:00:00
375,5,2023-09-07 00:00:00
375,6,2023-09-08 00:00:00
375,1,2023-09-17 00:00:00
375,3,2023-08-23 00:00:00
375,7,2023-08-26 00:00:00
375,4,2023-09-16 00:00:00
376,5,2023-03-19 00:00:00
376,6,2023-03-28 00:00:00
376,2,2023-04-09 00:00:00
376,2,2023-04-12 00:00:00
377,7,2023-09-19 00:00:00
377,6,2023-10-05 00:00:00
377,1,2023-10-01 00:00:00
377,1,2023-10-12 00:00:00
377,4,2023-09-19 00:00:00
377,2,2023-10-10 00:00:00
377,3,2023-10-11 00:00:00
378,5,2023-04-19 00:00:00
378,3,2023-04-10 00:00:00
379,5,2023-11-06 00:00:00
379,1,2023-10-30 00:00:00
379,5,2023-10-23 00:00:00
379,1,2023-10-31 00:00:00
379,1,2023-11-16 00:00:00
379,3,2023-11-06 00:00:00
380,7,2023-04-20 00:00:00
380,5,2023-04-16 00:00:00
380,6,2023-04-09 00:00:00
380,3,2023-04-21 00:00:00
381,1,2023-09-13 00:00:00
381,5,2023-09-06 00:00:00
381,1,2023-09-06 00:00:00
381,5,2023-09-08 00:00:00
381,3,2023-08-27 00:00:00
381,7,2023-08-29 00:00:00
382,3,2023-07-24 00:00:00
382,3,2023-07-21 00:00:00
382,5,2023-07-24 00:00:00
382,5,2023-07-11 00:00:00
382,4,2023-07-29 00:00:00
382,4,2023-07-18 00:00:00
382,5,2023-07-31 00:00:00
383,5,2023-10-10 00:00:00
383,1,2023-10-07 00:00:00
383,2,2023-10-01 00:00:00
383,4,2023-10-20 00:00:00
383,5,2023-10-02 00:00:00
384,7,2023-07-22 00:00:00
385,1,2023-08-17 00:00:00
385,4,2023-08-20 00:00:00
385,2,2023-08-04 00:00:00
385,4,2023-09-01 00:00:00
385,1,2023-08-06 00:00:00
386,7,2023-06-23 00:00:00
386,4,2023-06-12 00:00:00
387,7,2023-09-08 00:00:00
388,7,2023-10-13 00:00:00
388,1,2023-09-24 00:00:00
388,2,2023-10-03 00:00:00
388,3,2023-09-27 00:00:00
388,2,2023-09-28 00:00:00
388,2,2023-10-03 00:00:00
388,6,2023-09-23 00:00:00
389,4,2023-02-10 00:00:00
390,5,2023-06-05 00:00:00
390,5,2023-06-09 00:00:00
390,3,2023-06-19 00:00:00
390,6,2023-06-11 00:00:00
391,1,2023-04-20 00:00:00
391,4,2023-03-24 00:00:00
392,6,2023-08-17 00:00:00
392,7,2023-08-25 00:00:00
392,7,2023-08-24 00:00:00
393,4,2023-11-10 00:00:00
394,2,2023-04-20 00:00:00
394,3,2023-04-29 00:00:00
394,7,2023-04-25 00:00:00
394,5,2023-04-22 00:00:00
394,2,2023-05-16 00:00:00
394,4,2023-04-28 00:00:00
395,3,2023-10-17 00:00:00
395,4,2023-10-26 00:00:00
396,7,2023-03-04 00:00:00
396,3,2023-02-25 00:00:00
396,2,2023-03-08 00:00:00
396,1,2023-03-03 00:00:00
396,4,2023-03-09 00:00:00
396,1,2023-03-05 00:00:00
396,7,2023-02-11 00:00:00
397,4,2023-01-11 00:00:00
397,1,2023-01-07 00:00:00
397,7,2023-01-26 00:00:00
397,3,2023-02-04 00:00:00
398,3,2023-05-22 00:00:00
398,1,2023-05-11 00:00:00
399,4,2023-07-18 00:00:00
399,4,2023-06-30 00:00:00
399,1,2023-06-28 00:00:00
399,1,2023-07-07 00:00:00
399,2,2023-06-29 00:00:00
400,3,2023-03-20 00:00:00
400,4,2023-04-02 00:00:00
400,3,2023-03-21 00:00:00
400,6,2023-03-18 00:00:00
400,3,2023-03-17 00:00:00
400,3,2023-03-25 00:00:00
401,7,2023-05-25 00:00:00
401,6,2023-05-14 00:00:00
401,5,2023-05-30 00:00:00
401,5,2023-05-09 00:00:00
401,2,2023-06-01 00:00:00
401,5,2023-05-07 00:00:00
402,4,2023-05-31 00:00:00
402,4,2023-05-22 00:00:00
402,1,2023-06-11 00:00:00
402,5,2023-06-09 00:00:00
402,7,2023-06-12 00:00:00
402,4,2023-05-30 00:00:00
402,5,2023-05-29 00:00:00
403,5,2023-03-13 00:00:00
403,1,2023-03-25 00:00:00
403,5,2023-03-10 00:00:00
403,5,2023-03-30 00:00:00
403,5,2023-04-04 00:00:00
403,7,2023-03-27 00:00:00
404,2,2023-02-23 00:00:00
404,3,2023-03-08 00:00:00
404,1,2023-03-03 00:00:00
405,4,2023-01-31 00:00:00
405,7,2023-01-24 00:00:00
405,3,2023-01-21 00:00:00
405,4,2023-02-13 00:00:00
405,5,2023-01-23 00:00:00
405,5,2023-02-04 00:00:00
406,4,2023-06-06 00:00:00
406,5,2023-06-04 00:00:00
407,2,2023-09-16 00:00:00
407,6,2023-10-03 00:00:00
407,2,2023-09-27 00:00:00
408,4,2023-01-12 00:00:00
408,1,2023-01-12 00:00:00
408,4,2023-01-29 00:00:00
408,3,2023-02-03 00:00:00
408,5,2023-01-09 00:00:00
409,7,2023-07-03 00:00:00
409,6,2023-07-12 00:00:00
409,6,2023-07-02 00:00:00
410,1,2023-01-28 00:00:00
410,4,2023-01-13 00:00:00
410,6,2023-01-30 00:00:00
410,4,2023-01-10 00:00:00
410,1,2023-01-23 00:00:00
410,3,2023-01-30 00:00:00
410,4,2023-01-16 00:00:00
411,7,2023-04-02 00:00:00
411,2,2023-03-14 00:00:00
411,6,2023-03-21 00:00:00
411,1,2023-04-09 00:00:00
412,1,2023-08-09 00:00:00
412,2,2023-08-07 00:00:00
412,3,2023-08-11 00:00:00
412,6,2023-08-17 00:00:00
412,2,2023-08-18 00:00:00
412,3,2023-08-05 00:00:00
412,7,2023-08-05 00:00:00
413,7,2023-06-20 00:00:00
413,4,2023-06-24 00:00:00
413,1,2023-06-28 00:00:00
413,1,2023-06-12 00:00:00
414,6,2023-03-06 00:00:00
414,3,2023-03-08 00:00:00
414,5,2023-03-18 00:00:00
415,7,2023-07-30 00:00:00
415,2,2023-07-29 00:00:00
415,5,2023-07-29 00:00:00
415,3,2023-07-10 00:00:00
415,6,2023-07-17 00:00:00
415,2,2023-08-06 00:00:00
416,2,2023-07-31 00:00:00
416,3,2023-08-15 00:00:00
416,6,2023-08-16 00:00:00
416,6,2023-08-06 00:00:00
416,3,2023-08-10 00:00:00
417,2,2023-10-07 00:00:00
417,7,2023-10-20 00:00:00
418,1,2023-03-11 00:00:00
418,1,2023-03-12 00:00:00
418,1,2023-03-22 00:00:00
418,5,2023-03-20 00:00:00
418,5,2023-04-04 00:00:00
418,1,2023-03-08 00:00:00
418,4,2023-03-10 00:00:00
419,7,2023-07-18 00:00:00
419,2,2023-07-23 00:00:00
420,6,2023-09-22 00:00:00
420,3,2023-09-19 00:00:00
420,3,2023-09-30 00:00:00
420,4,2023-09-29 00:00:00
420,5,2023-09-18 00:00:00
420,5,2023-10-15 00:00:00
421,6,2023-05-18 00:00:00
421,2,2023-05-10 00:00:00
421,1,2023-05-25 00:00:00
422,4,2023-09-06 00:00:00
422,6,2023-09-18 00:00:00
423,7,2023-02-09 00:00:00
423,2,2023-01-19 00:00:00
424,6,2023-08-26 00:00:00
424,6,2023-08-25 00:00:00
424,3,2023-08-24 00:00:00
425,5,2023-08-25 00:00:00
425,1,2023-09-04 00:00:00
425,1,2023-09-17 00:00:00
425,5,2023-08-31 00:00:00
425,5,2023-09-06 00:00:00
426,1,2023-10-26 00:00:00
426,6,2023-10-18 00:00:00
426,7,2023-10-24 00:00:00
426,6,2023-10-11 00:00:00
426,2,2023-10-05 00:00:00
427,4,2023-03-10 00:00:00
427,6,2023-03-10 00:00:00
427,4,2023-03-06 00:00:00
427,4,2023-03-13 00:00:00
427,7,2023-03-14 00:00:00
427,6,2023-02-24 00:00:00
428,7,2023-03-07 00:00:00
428,2,2023-03-11 00:00:00
428,7,2023-03-13 00:00:00
428,2,2023-03-17 00:00:00
428,2,2023-03-10 00:00:00
429,1,2023-08-06 00:00:00
430,2,2023-09-26 00:00:00
431,6,2023-10-06 00:00:00
431,1,2023-10-23 00:00:00
432,1,2023-09-26 00:00:00
432,5,2023-10-02 00:00:00
433,4,2023-06-16 00:00:00
434,3,2023-03-24 00:00:00
435,4,2023-06-14 00:00:00
436,3,2023-06-06 00:00:00
436,6,2023-06-05 00:00:00
436,4,2023-06-08 00:00:00
436,5,2023-06-06 00:00:00
437,5,2023-08-06 00:00:00
437,4,2023-09-01 00:00:00
438,7,2023-05-09 00:00:00
439,5,2023-02-12 00:00:00
439,3,2023-02-04 00:00:00
439,5,2023-01-23 00:00:00
439,4,2023-02-02 00:00:00
439,1,2023-01-26 00:00:00
439,7,2023-02-16 00:00:00
439,6,2023-01-31 00:00:00
440,4,2023-08-03 00:00:00
440,2,2023-08-15 00:00:00
440,5,2023-08-20 00:00:00
440,7,2023-08-26 00:00:00
440,1,2023-08-01 00:00:00
441,6,2023-05-28 00:00:00
441,4,2023-06-03 00:00:00
441,4,2023-06-01 00:00:00
441,1,2023-06-07 00:00:00
441,2,2023-05-30 00:00:00
441,5,2023-05-29 00:00:00
441,7,2023-05-27 00:00:00
442,3,2023-07-06 00:00:00
443,5,2023-05-02 00:00:00
443,5,2023-04-22 00:00:00
443,2,2023-04-18 00:00:00
443,7,2023-04-13 00:00:00
443,2,2023-04-12 00:00:00
443,4,2023-04-15 00:00:00
444,4,2023-06-05 00:00:00
444,6,2023-06-19 00:00:00
444,1,2023-06-01 00:00:00
444,5,2023-06-25 00:00:00
445,5,2023-09-08 00:00:00
445,1,2023-09-05 00:00:00
445,6,2023-08-24 00:00:00
446,7,2023-03-05 00:00:00
446,2,2023-02-26 00:00:00
446,5,2023-02-17 00:00:00
446,6,2023-03-08 00:00:00
446,2,2023-03-06 00:00:00
447,3,2023-06-11 00:00:00
448,6,2023-05-07 00:00:00
448,4,2023-05-12 00:00:00
448,4,2023-05-14 00:00:00
449,1,2023-06-23 00:00:00
449,2,2023-07-17 00:00:00
449,2,2023-06-25 00:00:00
449,1,2023-07-09 00:00:00
449,7,2023-07-17 00:00:00
450,4,2023-05-09 00:00:00
450,4,2023-05-10 00:00:00
450,6,2023-05-04 00:00:00
450,2,2023-05-10 00:00:00
450,7,2023-05-13 00:00:00
450,1,2023-04-15 00:00:00
450,5,2023-04-19 00:00:00
451,5,2023-09-05 00:00:00
451,1,2023-09-03 00:00:00
451,2,2023-08-18 00:00:00
451,4,2023-09-05 00:00:00
451,6,2023-08-23 00:00:00
451,3,2023-09-01 00:00:00
451,4,2023-08-24 00:00:00
452,7,2023-09-03 00:00:00
452,1,2023-08-26 00:00:00
452,1,2023-09-07 00:00:00
452,1,2023-09-08 00:00:00
452,5,2023-09-06 00:00:00
452,3,2023-08-19 00:00:00
452,3,2023-09-13 00:00:00
453,2,2023-06-07 00:00:00
454,7,2023-08-20 00:00:00
454,7,2023-08-04 00:00:00
454,2,2023-07-27 00:00:00
454,2,2023-07-31 00:00:00
455,5,2023-05-22 00:00:00
456,4,2023-06-13 00:00:00
456,1,2023-06-08 00:00:00
456,3,2023-06-17 00:00:00
456,4,2023-05-29 00:00:00
457,1,2023-02-04 00:00:00
457,3,2023-02-07 00:00:00
458,5,2023-10-14 00:00:00
458,4,2023-10-08 00:00:00
458,7,2023-10-21 00:00:00
459,7,2023-03-09 00:00:00
459,6,2023-03-13 00:00:00
459,6,2023-03-17 00:00:00
460,7,2023-02-24 00:00:00
461,2,2023-09-15 00:00:00
461,2,2023-09-03 00:00:00
461,4,2023-09-18 00:00:00
461,1,2023-09-09 00:00:00
461,6,2023-08-30 00:00:00
461,2,2023-09-04 00:00:00
462,7,2023-09-11 00:00:00
462,2,2023-09-03 00:00:00
462,6,2023-08-18 00:00:00
463,6,2023-11-11 00:00:00
463,6,2023-11-07 00:00:00
463,6,2023-10-30 00:00:00
463,6,2023-11-02 00:00:00
463,7,2023-11-19 00:00:00
463,3,2023-11-19 00:00:00
464,4,2023-04-15 00:00:00
464,3,2023-04-14 00:00:00
464,1,2023-04-19 00:00:00
464,3,2023-04-15 00:00:00
464,2,2023-04-13 00:00:00
464,7,2023-04-30 00:00:00
465,1,2023-03-26 00:00:00
465,4,2023-03-13 00:00:00
465,4,2023-03-26 00:00:00
465,3,2023-04-05 00:00:00
466,5,2023-06-12 00:00:00
466,2,2023-06-06 00:00:00
466,7,2023-06-10 00:00:00
466,6,2023-06-09 00:00:00
466,2,2023-06-13 00:00:00
466,6,2023-05-22 00:00:00
467,3,2023-11-09 00:00:00
467,2,2023-10-28 00:00:00
467,3,2023-10-22 00:00:00
467,5,2023-10-27 00:00:00
468,5,2023-09-13 00:00:00
468,6,2023-09-07 00:00:00
469,1,2023-04-14 00:00:00
469,7,2023-04-20 00:00:00
469,3,2023-04-23 00:00:00
469,2,2023-04-25 00:00:00
469,5,2023-04-25 00:00:00
469,4,2023-04-12 00:00:00
469,5,2023-04-13 00:00:00
470,4,2023-05-08 00:00:00
470,2,2023-04-21 00:00:00
470,5,2023-05-04 00:00:00
470,2,2023-05-08 00:00:00
471,3,2023-03-17 00:00:00
471,5,2023-03-22 00:00:00
472,5,2023-05-30 00:00:00
473,6,2023-10-15 00:00:00
473,7,2023-10-18 00:00:00
473,2,2023-10-10 00:00:00
473,1,2023-10-16 00:00:00
474,3,2023-09-17 00:00:00
474,4,2023-09-18 00:00:00
474,6,2023-08-31 00:00:00
474,3,2023-09-14 00:00:00
474,7,2023-09-24 00:00:00
475,1,2023-08-11 00:00:00
475,5,2023-08-13 00:00:00
476,3,2023-07-17 00:00:00
476,4,2023-06-30 00:00:00
476,2,2023-06-30 00:00:00
476,2,2023-07-25 00:00:00
476,5,2023-07-19 00:00:00
477,3,2023-10-03 00:00:00
477,1,2023-10-01 00:00:00
477,5,2023-10-18 00:00:00
477,1,2023-10-09 00:00:00
478,1,2023-09-22 00:00:00
478,4,2023-08-29 00:00:00
478,3,2023-09-17 00:00:00
478,3,2023-09-14 00:00:00
478,3,2023-09-05 00:00:00
478,2,2023-09-12 00:00:00
479,4,2023-04-25 00:00:00
479,7,2023-05-11 00:00:00
479,7,2023-05-14 00:00:00
480,7,2023-05-21 00:00:00
480,4,2023-05-26 00:00:00
480,2,2023-05-31 00:00:00
480,5,2023-06-09 00:00:00
480,1,2023-05-27 00:00:00
481,7,2023-05-05 00:00:00
481,4,2023-05-05 00:00:00
481,1,2023-05-18 00:00:00
482,3,2023-10-02 00:00:00
482,1,2023-09-30 00:00:00
482,7,2023-10-21 00:00:00
482,3,2023-10-05 00:00:00
483,4,2023-07-09 00:00:00
483,5,2023-07-31 00:00:00
483,2,2023-07-11 00:00:00
483,3,2023-07-09 00:00:00
483,1,2023-07-24 00:00:00
483,7,2023-07-28 00:00:00
483,4,2023-07-30 00:00:00
484,7,2023-04-08 00:00:00
484,5,2023-04-08 00:00:00
484,1,2023-04-03 00:00:00
484,5,2023-04-03 00:00:00
484,4,2023-03-31 00:00:00
485,7,2023-05-24 00:00:00
485,6,2023-06-07 00:00:00
485,5,2023-06-06 00:00:00
485,3,2023-06-05 00:00:00
485,6,2023-06-01 00:00:00
485,4,2023-06-14 00:00:00
486,3,2023-02-10 00:00:00
486,7,2023-02-15 00:00:00
486,5,2023-02-19 00:00:00
486,7,2023-03-04 00:00:00
487,6,2023-02-03 00:00:00
487,1,2023-02-14 00:00:00
488,1,2023-08-23 00:00:00
488,3,2023-08-08 00:00:00
488,6,2023-07-28 00:00:00
489,6,2023-02-05 00:00:00
489,6,2023-02-05 00:00:00
489,1,2023-01-31 00:00:00
489,3,2023-02-07 00:00:00
489,7,2023-01-25 00:00:00
489,2,2023-02-11 00:00:00
489,2,2023-02-14 00:00:00
490,2,2023-06-09 00:00:00
491,4,2023-10-15 00:00:00
492,1,2023-05-17 00:00:00
492,5,2023-04-25 00:00:00
492,6,2023-05-07 00:00:00
492,1,2023-05-15 00:00:00
493,1,2023-10-27 00:00:00
493,7,2023-11-11 00:00:00
493,2,2023-10-26 00:00:00
494,7,2023-05-02 00:00:00
494,6,2023-04-06 00:00:00
494,7,2023-04-28 00:00:00
494,2,2023-04-12 00:00:00
494,5,2023-05-05 00:00:00
494,1,2023-04-22 00:00:00
494,2,2023-05-02 00:00:00
495,5,2023-03-19 00:00:00
496,3,2023-09-18 00:00:00
496,7,2023-09-18 00:00:00
496,4,2023-09-17 00:00:00
496,7,2023-09-14 00:00:00
496,7,2023-09-02 00:00:00
496,1,2023-09-04 00:00:00
497,4,2023-10-01 00:00:00
497,2,2023-10-14 00:00:00
498,4,2023-02-14 00:00:00
498,6,2023-03-09 00:00:00
498,1,2023-02-25 00:00:00
499,7,2023-07-11 00:00:00
499,3,2023-08-05 00:00:00
500,3,2023-07-07 00:00:00
500,1,2023-06-21 00:00:00
500,3,2023-07-02 00:00:00
