channel_id,date,spend
1,2023-01-01,241.61
1,2023-01-02,370.69
1,2023-01-03,135.81
1,2023-01-04,378.46
1,2023-01-05,458.2
1,2023-01-06,438.31
1,2023-01-07,367.95
1,2023-01-08,687.4
1,2023-01-09,201.73
1,2023-01-10,453.99
1,2023-01-11,143.43
1,2023-01-12,149.81
1,2023-01-13,501.71
1,2023-01-14,496.21
1,2023-01-15,714.62
1,2023-01-16,490.51
1,2023-01-17,771.85
1,2023-01-18,134.09
1,2023-01-19,168.61
1,2023-01-20,130.85
1,2023-01-21,229.69
1,2023-01-22,478.89
1,2023-01-23,551.9
1,2023-01-24,131.91
1,2023-01-25,762.18
1,2023-01-26,689.52
1,2023-01-27,307.63
1,2023-01-28,154.03
1,2023-01-29,218.92
1,2023-01-30,188.86
1,2023-01-31,186.3
1,2023-02-01,462.99
1,2023-02-02,272.09
1,2023-02-03,350.7
1,2023-02-04,792.65
1,2023-02-05,579.02
1,2023-02-06,764.29
1,2023-02-07,199.79
1,2023-02-08,367.5
1,2023-02-09,488.31
1,2023-02-10,153.73
1,2023-02-11,102.93
1,2023-02-12,569.3
1,2023-02-13,549.27
1,2023-02-14,387.55
1,2023-02-15,442.75
1,2023-02-16,390.81
1,2023-02-17,116.8
1,2023-02-18,334.76
1,2023-02-19,223.96
1,2023-02-20,168.9
1,2023-02-21,769.7
1,2023-02-22,519.55
1,2023-02-23,610.06
1,2023-02-24,320.75
1,2023-02-25,375.2
1,2023-02-26,265.85
1,2023-02-27,167.88
1,2023-02-28,225.32
1,2023-03-01,658.26
1,2023-03-02,574.28
1,2023-03-03,482.85
1,2023-03-04,432.56
1,2023-03-05,745.7
1,2023-03-06,150.91
1,2023-03-07,296.42
1,2023-03-08,344.96
1,2023-03-09,647.7
1,2023-03-10,794.76
1,2023-03-11,268.47
1,2023-03-12,712.02
1,2023-03-13,681.44
1,2023-03-14,257.26
1,2023-03-15,379.53
1,2023-03-16,386.77
1,2023-03-17,784.75
1,2023-03-18,226.62
1,2023-03-19,659.41
1,2023-03-20,333.93
1,2023-03-21,611.61
1,2023-03-22,394.01
1,2023-03-23,504.85
1,2023-03-24,682.83
1,2023-03-25,662.92
1,2023-03-26,706.5
1,2023-03-27,141.73
1,2023-03-28,584.44
1,2023-03-29,197.99
1,2023-03-30,391.07
1,2023-03-31,484.01
1,2023-04-01,381.92
1,2023-04-02,463.73
1,2023-04-03,797.57
1,2023-04-04,194.65
1,2023-04-05,572.82
1,2023-04-06,377.2
1,2023-04-07,193.11
1,2023-04-08,211.12
1,2023-04-09,764.49
1,2023-04-10,715.72
1,2023-04-11,734.93
1,2023-04-12,794.07
1,2023-04-13,245.82
1,2023-04-14,348.81
1,2023-04-15,568.45
1,2023-04-16,438.66
1,2023-04-17,392.87
1,2023-04-18,350.47
1,2023-04-19,515.65
1,2023-04-20,502.92
1,2023-04-21,213.02
1,2023-04-22,430.22
1,2023-04-23,487.43
1,2023-04-24,499.2
1,2023-04-25,247.08
1,2023-04-26,619.59
1,2023-04-27,117.64
1,2023-04-28,348.38
1,2023-04-29,646.15
1,2023-04-30,494.73
1,2023-05-01,282.81
1,2023-05-02,586.47
1,2023-05-03,497.17
1,2023-05-04,657.37
1,2023-05-05,614.52
1,2023-05-06,527.08
1,2023-05-07,441.72
1,2023-05-08,193.23
1,2023-05-09,282.93
1,2023-05-10,393.37
1,2023-05-11,519.51
1,2023-05-12,459.6
1,2023-05-13,301.73
1,2023-05-14,104.53
1,2023-05-15,447.37
1,2023-05-16,299.94
1,2023-05-17,614.23
1,2023-05-18,116.76
1,2023-05-19,509.38
1,2023-05-20,759.03
1,2023-05-21,222.09
1,2023-05-22,430.15
1,2023-05-23,164.0
1,2023-05-24,537.98
1,2023-05-25,485.37
1,2023-05-26,385.16
1,2023-05-27,464.96
1,2023-05-28,727.6
1,2023-05-29,237.41
1,2023-05-30,115.8
1,2023-05-31,703.17
1,2023-06-01,503.98
1,2023-06-02,723.46
1,2023-06-03,517.86
1,2023-06-04,667.11
1,2023-06-05,400.77
1,2023-06-06,624.9
1,2023-06-07,739.13
1,2023-06-08,500.49
1,2023-06-09,226.55
1,2023-06-10,288.16
1,2023-06-11,239.05
1,2023-06-12,272.8
1,2023-06-13,314.49
1,2023-06-14,488.59
1,2023-06-15,511.59
1,2023-06-16,398.55
1,2023-06-17,530.79
1,2023-06-18,157.1
1,2023-06-19,161.45
1,2023-06-20,220.28
1,2023-06-21,462.65
1,2023-06-22,249.8
1,2023-06-23,298.3
1,2023-06-24,380.22
1,2023-06-25,668.31
1,2023-06-26,109.7
1,2023-06-27,554.57
1,2023-06-28,568.21
1,2023-06-29,659.06
1,2023-06-30,752.93
1,2023-07-01,114.1
1,2023-07-02,207.65
1,2023-07-03,720.32
1,2023-07-04,420.96
1,2023-07-05,495.21
1,2023-07-06,564.12
1,2023-07-07,575.35
1,2023-07-08,752.22
1,2023-07-09,797.86
1,2023-07-10,604.11
1,2023-07-11,301.05
1,2023-07-12,715.83
1,2023-07-13,134.45
1,2023-07-14,261.76
1,2023-07-15,728.17
1,2023-07-16,279.33
1,2023-07-17,254.46
1,2023-07-18,196.69
1,2023-07-19,701.38
1,2023-07-20,450.04
1,2023-07-21,572.43
1,2023-07-22,267.35
1,2023-07-23,630.63
1,2023-07-24,632.0
1,2023-07-25,318.82
1,2023-07-26,387.48
1,2023-07-27,246.78
1,2023-07-28,783.59
1,2023-07-29,551.92
1,2023-07-30,754.18
1,2023-07-31,312.37
1,2023-08-01,647.32
1,2023-08-02,636.1
1,2023-08-03,584.16
1,2023-08-04,775.95
1,2023-08-05,375.49
1,2023-08-06,191.5
1,2023-08-07,570.2
1,2023-08-08,610.52
1,2023-08-09,502.54
1,2023-08-10,244.77
1,2023-08-11,453.12
1,2023-08-12,318.53
1,2023-08-13,399.23
1,2023-08-14,551.65
1,2023-08-15,621.65
1,2023-08-16,262.56
1,2023-08-17,383.73
1,2023-08-18,288.41
1,2023-08-19,239.04
1,2023-08-20,648.37
1,2023-08-21,736.48
1,2023-08-22,359.16
1,2023-08-23,625.9
1,2023-08-24,727.9
1,2023-08-25,692.29
1,2023-08-26,227.97
1,2023-08-27,769.4
1,2023-08-28,363.67
1,2023-08-29,337.47
1,2023-08-30,143.7
1,2023-08-31,440.32
1,2023-09-01,176.31
1,2023-09-02,273.98
1,2023-09-03,321.86
1,2023-09-04,666.18
1,2023-09-05,712.84
1,2023-09-06,311.73
1,2023-09-07,701.09
1,2023-09-08,700.06
1,2023-09-09,635.26
1,2023-09-10,202.69
1,2023-09-11,583.23
1,2023-09-12,761.52
1,2023-09-13,577.78
1,2023-09-14,332.13
1,2023-09-15,450.41
1,2023-09-16,552.01
1,2023-09-17,457.4
1,2023-09-18,183.97
1,2023-09-19,318.44
1,2023-09-20,661.68
1,2023-09-21,702.99
1,2023-09-22,196.11
1,2023-09-23,766.67
1,2023-09-24,330.18
1,2023-09-25,563.62
1,2023-09-26,626.28
1,2023-09-27,668.36
1,2023-09-28,762.02
1,2023-09-29,319.04
1,2023-09-30,700.95
1,2023-10-01,192.18
1,2023-10-02,593.53
1,2023-10-03,619.38
1,2023-10-04,574.41
1,2023-10-05,276.62
1,2023-10-06,711.13
1,2023-10-07,218.2
1,2023-10-08,137.54
1,2023-10-09,602.23
1,2023-10-10,432.83
1,2023-10-11,694.37
1,2023-10-12,368.38
1,2023-10-13,217.8
1,2023-10-14,685.51
1,2023-10-15,484.24
1,2023-10-16,232.44
1,2023-10-17,604.27
1,2023-10-18,457.78
1,2023-10-19,523.02
1,2023-10-20,422.63
1,2023-10-21,680.1
1,2023-10-22,680.69
1,2023-10-23,596.57
1,2023-10-24,173.78
1,2023-10-25,687.2
1,2023-10-26,569.71
1,2023-10-27,587.92
1,2023-10-28,354.09
1,2023-10-29,715.5
1,2023-10-30,607.76
1,2023-10-31,178.81
1,2023-11-01,385.44
1,2023-11-02,720.47
1,2023-11-03,133.04
1,2023-11-04,772.99
1,2023-11-05,575.41
1,2023-11-06,541.96
1,2023-11-07,289.39
1,2023-11-08,274.15
1,2023-11-09,759.44
1,2023-11-10,308.79
1,2023-11-11,642.85
1,2023-11-12,375.19
1,2023-11-13,197.48
1,2023-11-14,107.5
1,2023-11-15,480.98
1,2023-11-16,783.05
1,2023-11-17,358.4
1,2023-11-18,350.03
1,2023-11-19,340.86
1,2023-11-20,464.38
1,2023-11-21,408.47
1,2023-11-22,715.94
1,2023-11-23,453.86
1,2023-11-24,455.43
1,2023-11-25,196.86
1,2023-11-26,787.92
1,2023-11-27,274.98
1,2023-11-28,151.35
1,2023-11-29,564.2
1,2023-11-30,516.76
1,2023-12-01,390.6
1,2023-12-02,395.53
1,2023-12-03,649.54
1,2023-12-04,237.0
1,2023-12-05,674.18
1,2023-12-06,554.12
1,2023-12-07,393.28
1,2023-12-08,420.62
1,2023-12-09,279.65
1,2023-12-10,626.48
1,2023-12-11,459.01
1,2023-12-12,324.6
1,2023-12-13,517.24
1,2023-12-14,797.01
1,2023-12-15,404.68
1,2023-12-16,744.48
1,2023-12-17,341.51
1,2023-12-18,138.31
1,2023-12-19,242.97
1,2023-12-20,393.09
1,2023-12-21,253.74
1,2023-12-22,100.16
1,2023-12-23,740.5
1,2023-12-24,690.72
1,2023-12-25,619.6
1,2023-12-26,217.47
1,2023-12-27,184.25
1,2023-12-28,147.32
1,2023-12-29,606.82
1,2023-12-30,750.17
1,2023-12-31,401.38
2,2023-01-01,183.4
2,2023-01-02,458.67
2,2023-01-03,344.18
2,2023-01-04,362.38
2,2023-01-05,534.93
2,2023-01-06,603.1
2,2023-01-07,177.42
2,2023-01-08,124.91
2,2023-01-09,796.03
2,2023-01-10,262.91
2,2023-01-11,137.68
2,2023-01-12,232.91
2,2023-01-13,127.27
2,2023-01-14,374.27
2,2023-01-15,661.68
2,2023-01-16,338.87
2,2023-01-17,410.93
2,2023-01-18,572.91
2,2023-01-19,456.23
2,2023-01-20,703.01
2,2023-01-21,706.22
2,2023-01-22,106.94
2,2023-01-23,644.63
2,2023-01-24,422.51
2,2023-01-25,792.19
2,2023-01-26,438.26
2,2023-01-27,790.83
2,2023-01-28,628.2
2,2023-01-29,274.02
2,2023-01-30,476.88
2,2023-01-31,794.49
2,2023-02-01,700.27
2,2023-02-02,168.16
2,2023-02-03,594.46
2,2023-02-04,341.91
2,2023-02-05,104.89
2,2023-02-06,382.44
2,2023-02-07,264.33
2,2023-02-08,673.21
2,2023-02-09,336.13
2,2023-02-10,679.27
2,2023-02-11,100.42
2,2023-02-12,315.47
2,2023-02-13,268.82
2,2023-02-14,263.5
2,2023-02-15,147.73
2,2023-02-16,230.99
2,2023-02-17,488.88
2,2023-02-18,303.95
2,2023-02-19,392.18
2,2023-02-20,363.81
2,2023-02-21,713.13
2,2023-02-22,733.71
2,2023-02-23,445.07
2,2023-02-24,331.11
2,2023-02-25,174.76
2,2023-02-26,767.38
2,2023-02-27,142.16
2,2023-02-28,308.36
2,2023-03-01,308.65
2,2023-03-02,324.28
2,2023-03-03,215.0
2,2023-03-04,648.21
2,2023-03-05,185.75
2,2023-03-06,544.43
2,2023-03-07,186.69
2,2023-03-08,149.37
2,2023-03-09,736.6
2,2023-03-10,233.09
2,2023-03-11,674.88
2,2023-03-12,481.24
2,2023-03-13,154.5
2,2023-03-14,768.81
2,2023-03-15,272.87
2,2023-03-16,701.75
2,2023-03-17,218.17
2,2023-03-18,697.76
2,2023-03-19,109.26
2,2023-03-20,458.25
2,2023-03-21,638.61
2,2023-03-22,754.36
2,2023-03-23,736.44
2,2023-03-24,673.74
2,2023-03-25,721.73
2,2023-03-26,239.45
2,2023-03-27,298.93
2,2023-03-28,302.28
2,2023-03-29,363.94
2,2023-03-30,375.32
2,2023-03-31,481.19
2,2023-04-01,211.92
2,2023-04-02,583.87
2,2023-04-03,217.3
2,2023-04-04,317.22
2,2023-04-05,452.34
2,2023-04-06,657.51
2,2023-04-07,617.63
2,2023-04-08,551.87
2,2023-04-09,209.04
2,2023-04-10,482.93
2,2023-04-11,161.21
2,2023-04-12,364.15
2,2023-04-13,389.46
2,2023-04-14,127.87
2,2023-04-15,291.79
2,2023-04-16,768.95
2,2023-04-17,767.54
2,2023-04-18,346.63
2,2023-04-19,130.17
2,2023-04-20,225.37
2,2023-04-21,374.55
2,2023-04-22,763.45
2,2023-04-23,198.84
2,2023-04-24,634.46
2,2023-04-25,176.08
2,2023-04-26,786.88
2,2023-04-27,367.13
2,2023-04-28,642.66
2,2023-04-29,339.81
2,2023-04-30,539.37
2,2023-05-01,234.41
2,2023-05-02,202.21
2,2023-05-03,756.64
2,2023-05-04,742.35
2,2023-05-05,721.23
2,2023-05-06,537.8
2,2023-05-07,665.79
2,2023-05-08,148.33
2,2023-05-09,334.35
2,2023-05-10,319.59
2,2023-05-11,544.95
2,2023-05-12,349.17
2,2023-05-13,203.95
2,2023-05-14,517.53
2,2023-05-15,670.07
2,2023-05-16,367.49
2,2023-05-17,192.59
2,2023-05-18,237.68
2,2023-05-19,266.24
2,2023-05-20,309.93
2,2023-05-21,549.96
2,2023-05-22,520.66
2,2023-05-23,587.26
2,2023-05-24,353.75
2,2023-05-25,676.8
2,2023-05-26,242.86
2,2023-05-27,428.33
2,2023-05-28,660.66
2,2023-05-29,226.11
2,2023-05-30,176.9
2,2023-05-31,718.58
2,2023-06-01,340.05
2,2023-06-02,578.71
2,2023-06-03,117.74
2,2023-06-04,583.03
2,2023-06-05,321.27
2,2023-06-06,139.02
2,2023-06-07,526.87
2,2023-06-08,268.56
2,2023-06-09,370.77
2,2023-06-10,156.41
2,2023-06-11,203.01
2,2023-06-12,308.58
2,2023-06-13,162.83
2,2023-06-14,737.58
2,2023-06-15,104.23
2,2023-06-16,438.7
2,2023-06-17,186.27
2,2023-06-18,315.38
2,2023-06-19,748.24
2,2023-06-20,213.19
2,2023-06-21,776.08
2,2023-06-22,244.06
2,2023-06-23,619.1
2,2023-06-24,482.67
2,2023-06-25,719.14
2,2023-06-26,487.8
2,2023-06-27,474.19
2,2023-06-28,236.82
2,2023-06-29,216.36
2,2023-06-30,741.54
2,2023-07-01,329.49
2,2023-07-02,360.46
2,2023-07-03,631.88
2,2023-07-04,337.18
2,2023-07-05,766.44
2,2023-07-06,616.55
2,2023-07-07,518.2
2,2023-07-08,716.63
2,2023-07-09,134.72
2,2023-07-10,279.94
2,2023-07-11,425.53
2,2023-07-12,258.88
2,2023-07-13,620.73
2,2023-07-14,743.45
2,2023-07-15,396.64
2,2023-07-16,339.49
2,2023-07-17,773.09
2,2023-07-18,411.4
2,2023-07-19,442.33
2,2023-07-20,346.15
2,2023-07-21,736.68
2,2023-07-22,498.27
2,2023-07-23,633.52
2,2023-07-24,668.26
2,2023-07-25,339.29
2,2023-07-26,403.59
2,2023-07-27,693.93
2,2023-07-28,354.28
2,2023-07-29,655.75
2,2023-07-30,758.69
2,2023-07-31,536.25
2,2023-08-01,619.14
2,2023-08-02,663.57
2,2023-08-03,691.53
2,2023-08-04,376.54
2,2023-08-05,135.88
2,2023-08-06,381.31
2,2023-08-07,571.63
2,2023-08-08,415.25
2,2023-08-09,624.27
2,2023-08-10,349.89
2,2023-08-11,544.32
2,2023-08-12,230.49
2,2023-08-13,624.56
2,2023-08-14,481.99
2,2023-08-15,242.85
2,2023-08-16,304.34
2,2023-08-17,624.03
2,2023-08-18,437.82
2,2023-08-19,251.22
2,2023-08-20,777.09
2,2023-08-21,600.59
2,2023-08-22,769.99
2,2023-08-23,398.97
2,2023-08-24,432.57
2,2023-08-25,728.57
2,2023-08-26,467.53
2,2023-08-27,595.1
2,2023-08-28,276.52
2,2023-08-29,412.71
2,2023-08-30,186.41
2,2023-08-31,244.19
2,2023-09-01,100.66
2,2023-09-02,127.49
2,2023-09-03,784.1
2,2023-09-04,269.65
2,2023-09-05,564.32
2,2023-09-06,687.37
2,2023-09-07,485.46
2,2023-09-08,207.2
2,2023-09-09,609.68
2,2023-09-10,520.18
2,2023-09-11,611.88
2,2023-09-12,638.82
2,2023-09-13,782.79
2,2023-09-14,501.49
2,2023-09-15,339.15
2,2023-09-16,553.93
2,2023-09-17,147.91
2,2023-09-18,728.18
2,2023-09-19,183.57
2,2023-09-20,329.49
2,2023-09-21,671.02
2,2023-09-22,518.12
2,2023-09-23,375.54
2,2023-09-24,431.4
2,2023-09-25,698.18
2,2023-09-26,338.0
2,2023-09-27,708.75
2,2023-09-28,161.69
2,2023-09-29,643.76
2,2023-09-30,693.28
2,2023-10-01,227.27
2,2023-10-02,401.24
2,2023-10-03,215.85
2,2023-10-04,594.62
2,2023-10-05,474.74
2,2023-10-06,544.73
2,2023-10-07,237.54
2,2023-10-08,248.22
2,2023-10-09,129.05
2,2023-10-10,325.45
2,2023-10-11,491.82
2,2023-10-12,700.55
2,2023-10-13,566.85
2,2023-10-14,404.78
2,2023-10-15,767.18
2,2023-10-16,603.47
2,2023-10-17,751.12
2,2023-10-18,469.31
2,2023-10-19,281.23
2,2023-10-20,136.98
2,2023-10-21,608.26
2,2023-10-22,184.91
2,2023-10-23,311.94
2,2023-10-24,472.73
2,2023-10-25,495.09
2,2023-10-26,520.41
2,2023-10-27,216.38
2,2023-10-28,365.82
2,2023-10-29,532.04
2,2023-10-30,778.87
2,2023-10-31,609.34
2,2023-11-01,745.82
2,2023-11-02,633.55
2,2023-11-03,514.2
2,2023-11-04,234.42
2,2023-11-05,566.68
2,2023-11-06,536.37
2,2023-11-07,521.73
2,2023-11-08,442.85
2,2023-11-09,470.06
2,2023-11-10,334.11
2,2023-11-11,463.52
2,2023-11-12,238.29
2,2023-11-13,663.62
2,2023-11-14,230.04
2,2023-11-15,159.48
2,2023-11-16,405.37
2,2023-11-17,560.82
2,2023-11-18,406.4
2,2023-11-19,293.73
2,2023-11-20,490.72
2,2023-11-21,342.9
2,2023-11-22,753.01
2,2023-11-23,745.85
2,2023-11-24,451.66
2,2023-11-25,329.52
2,2023-11-26,615.99
2,2023-11-27,125.7
2,2023-11-28,432.34
2,2023-11-29,335.43
2,2023-11-30,744.38
2,2023-12-01,108.4
2,2023-12-02,486.97
2,2023-12-03,618.46
2,2023-12-04,439.51
2,2023-12-05,159.78
2,2023-12-06,780.72
2,2023-12-07,462.61
2,2023-12-08,529.93
2,2023-12-09,265.63
2,2023-12-10,438.45
2,2023-12-11,400.4
2,2023-12-12,152.43
2,2023-12-13,174.31
2,2023-12-14,686.23
2,2023-12-15,267.87
2,2023-12-16,236.47
2,2023-12-17,453.44
2,2023-12-18,638.12
2,2023-12-19,143.36
2,2023-12-20,503.77
2,2023-12-21,183.45
2,2023-12-22,125.52
2,2023-12-23,136.92
2,2023-12-24,683.91
2,2023-12-25,182.58
2,2023-12-26,131.61
2,2023-12-27,406.53
2,2023-12-28,690.8
2,2023-12-29,283.69
2,2023-12-30,395.2
2,2023-12-31,127.95
3,2023-01-01,414.35
3,2023-01-02,504.33
3,2023-01-03,499.63
3,2023-01-04,332.7
3,2023-01-05,320.87
3,2023-01-06,174.64
3,2023-01-07,356.76
3,2023-01-08,169.65
3,2023-01-09,636.62
3,2023-01-10,776.39
3,2023-01-11,779.05
3,2023-01-12,705.55
3,2023-01-13,520.55
3,2023-01-14,590.61
3,2023-01-15,299.64
3,2023-01-16,541.54
3,2023-01-17,418.95
3,2023-01-18,437.41
3,2023-01-19,630.44
3,2023-01-20,297.34
3,2023-01-21,322.63
3,2023-01-22,747.25
3,2023-01-23,139.36
3,2023-01-24,439.94
3,2023-01-25,738.96
3,2023-01-26,527.25
3,2023-01-27,482.48
3,2023-01-28,274.82
3,2023-01-29,340.29
3,2023-01-30,696.43
3,2023-01-31,491.45
3,2023-02-01,460.32
3,2023-02-02,169.71
3,2023-02-03,111.22
3,2023-02-04,774.58
3,2023-02-05,363.89
3,2023-02-06,522.25
3,2023-02-07,155.8
3,2023-02-08,578.18
3,2023-02-09,752.8
3,2023-02-10,502.97
3,2023-02-11,188.28
3,2023-02-12,507.21
3,2023-02-13,636.44
3,2023-02-14,384.49
3,2023-02-15,715.89
3,2023-02-16,554.08
3,2023-02-17,729.47
3,2023-02-18,536.45
3,2023-02-19,191.9
3,2023-02-20,316.78
3,2023-02-21,241.26
3,2023-02-22,736.18
3,2023-02-23,632.28
3,2023-02-24,573.48
3,2023-02-25,310.68
3,2023-02-26,228.83
3,2023-02-27,629.52
3,2023-02-28,431.91
3,2023-03-01,258.05
3,2023-03-02,531.64
3,2023-03-03,128.23
3,2023-03-04,328.32
3,2023-03-05,427.99
3,2023-03-06,203.57
3,2023-03-07,789.26
3,2023-03-08,246.37
3,2023-03-09,191.25
3,2023-03-10,242.47
3,2023-03-11,638.34
3,2023-03-12,397.85
3,2023-03-13,495.79
3,2023-03-14,114.71
3,2023-03-15,124.1
3,2023-03-16,412.08
3,2023-03-17,671.66
3,2023-03-18,719.67
3,2023-03-19,160.69
3,2023-03-20,476.85
3,2023-03-21,739.26
3,2023-03-22,371.58
3,2023-03-23,680.7
3,2023-03-24,193.59
3,2023-03-25,754.78
3,2023-03-26,626.0
3,2023-03-27,758.93
3,2023-03-28,573.63
3,2023-03-29,354.38
3,2023-03-30,756.73
3,2023-03-31,292.9
3,2023-04-01,332.52
3,2023-04-02,590.57
3,2023-04-03,635.72
3,2023-04-04,750.58
3,2023-04-05,243.36
3,2023-04-06,658.6
3,2023-04-07,616.98
3,2023-04-08,144.66
3,2023-04-09,371.06
3,2023-04-10,297.94
3,2023-04-11,313.14
3,2023-04-12,788.06
3,2023-04-13,549.94
3,2023-04-14,602.37
3,2023-04-15,783.63
3,2023-04-16,364.04
3,2023-04-17,661.29
3,2023-04-18,404.17
3,2023-04-19,708.67
3,2023-04-20,226.46
3,2023-04-21,763.38
3,2023-04-22,253.14
3,2023-04-23,328.35
3,2023-04-24,629.33
3,2023-04-25,375.63
3,2023-04-26,525.75
3,2023-04-27,411.2
3,2023-04-28,619.66
3,2023-04-29,259.83
3,2023-04-30,140.92
3,2023-05-01,309.95
3,2023-05-02,432.02
3,2023-05-03,217.61
3,2023-05-04,348.36
3,2023-05-05,379.99
3,2023-05-06,140.17
3,2023-05-07,508.32
3,2023-05-08,719.04
3,2023-05-09,206.22
3,2023-05-10,518.47
3,2023-05-11,565.32
3,2023-05-12,393.53
3,2023-05-13,590.77
3,2023-05-14,387.51
3,2023-05-15,453.25
3,2023-05-16,105.15
3,2023-05-17,584.2
3,2023-05-18,562.94
3,2023-05-19,126.88
3,2023-05-20,357.78
3,2023-05-21,785.32
3,2023-05-22,394.52
3,2023-05-23,451.36
3,2023-05-24,736.95
3,2023-05-25,602.08
3,2023-05-26,507.45
3,2023-05-27,658.46
3,2023-05-28,705.06
3,2023-05-29,419.82
3,2023-05-30,432.58
3,2023-05-31,370.24
3,2023-06-01,776.69
3,2023-06-02,588.02
3,2023-06-03,158.26
3,2023-06-04,704.07
3,2023-06-05,436.39
3,2023-06-06,148.13
3,2023-06-07,484.8
3,2023-06-08,392.01
3,2023-06-09,714.42
3,2023-06-10,242.8
3,2023-06-11,678.53
3,2023-06-12,490.38
3,2023-06-13,138.23
3,2023-06-14,780.29
3,2023-06-15,458.83
3,2023-06-16,303.61
3,2023-06-17,428.58
3,2023-06-18,700.5
3,2023-06-19,313.43
3,2023-06-20,234.87
3,2023-06-21,190.35
3,2023-06-22,308.5
3,2023-06-23,646.03
3,2023-06-24,430.14
3,2023-06-25,259.24
3,2023-06-26,216.33
3,2023-06-27,332.91
3,2023-06-28,757.95
3,2023-06-29,340.12
3,2023-06-30,791.69
3,2023-07-01,439.66
3,2023-07-02,225.41
3,2023-07-03,723.8
3,2023-07-04,422.25
3,2023-07-05,596.77
3,2023-07-06,788.6
3,2023-07-07,135.12
3,2023-07-08,167.69
3,2023-07-09,604.32
3,2023-07-10,297.28
3,2023-07-11,229.01
3,2023-07-12,127.55
3,2023-07-13,115.29
3,2023-07-14,642.14
3,2023-07-15,194.1
3,2023-07-16,427.4
3,2023-07-17,524.13
3,2023-07-18,399.85
3,2023-07-19,118.97
3,2023-07-20,648.45
3,2023-07-21,107.36
3,2023-07-22,633.32
3,2023-07-23,725.31
3,2023-07-24,402.99
3,2023-07-25,474.88
3,2023-07-26,433.89
3,2023-07-27,372.45
3,2023-07-28,721.2
3,2023-07-29,725.75
3,2023-07-30,335.07
3,2023-07-31,530.55
3,2023-08-01,748.84
3,2023-08-02,773.44
3,2023-08-03,456.27
3,2023-08-04,416.98
3,2023-08-05,295.09
3,2023-08-06,771.21
3,2023-08-07,199.97
3,2023-08-08,505.88
3,2023-08-09,297.79
3,2023-08-10,295.31
3,2023-08-11,383.48
3,2023-08-12,799.16
3,2023-08-13,138.48
3,2023-08-14,504.98
3,2023-08-15,157.8
3,2023-08-16,208.16
3,2023-08-17,407.69
3,2023-08-18,457.32
3,2023-08-19,281.15
3,2023-08-20,321.52
3,2023-08-21,160.88
3,2023-08-22,312.25
3,2023-08-23,776.59
3,2023-08-24,761.3
3,2023-08-25,334.41
3,2023-08-26,499.6
3,2023-08-27,736.72
3,2023-08-28,104.33
3,2023-08-29,667.48
3,2023-08-30,763.86
3,2023-08-31,163.93
3,2023-09-01,213.01
3,2023-09-02,772.52
3,2023-09-03,476.28
3,2023-09-04,109.94
3,2023-09-05,280.34
3,2023-09-06,414.96
3,2023-09-07,585.04
3,2023-09-08,613.21
3,2023-09-09,796.8
3,2023-09-10,301.26
3,2023-09-11,476.75
3,2023-09-12,473.33
3,2023-09-13,383.95
3,2023-09-14,218.41
3,2023-09-15,784.22
3,2023-09-16,697.32
3,2023-09-17,448.83
3,2023-09-18,522.27
3,2023-09-19,259.08
3,2023-09-20,480.65
3,2023-09-21,586.48
3,2023-09-22,460.62
3,2023-09-23,793.2
3,2023-09-24,527.94
3,2023-09-25,359.68
3,2023-09-26,640.51
3,2023-09-27,219.32
3,2023-09-28,369.16
3,2023-09-29,342.87
3,2023-09-30,402.26
3,2023-10-01,647.25
3,2023-10-02,438.92
3,2023-10-03,655.81
3,2023-10-04,503.54
3,2023-10-05,339.45
3,2023-10-06,666.99
3,2023-10-07,266.8
3,2023-10-08,257.07
3,2023-10-09,453.15
3,2023-10-10,282.59
3,2023-10-11,106.36
3,2023-10-12,553.81
3,2023-10-13,457.77
3,2023-10-14,411.86
3,2023-10-15,776.88
3,2023-10-16,499.84
3,2023-10-17,704.4
3,2023-10-18,197.62
3,2023-10-19,498.44
3,2023-10-20,707.59
3,2023-10-21,508.17
3,2023-10-22,602.61
3,2023-10-23,360.43
3,2023-10-24,164.71
3,2023-10-25,420.53
3,2023-10-26,376.14
3,2023-10-27,706.94
3,2023-10-28,270.8
3,2023-10-29,776.71
3,2023-10-30,770.7
3,2023-10-31,273.34
3,2023-11-01,343.64
3,2023-11-02,726.89
3,2023-11-03,776.64
3,2023-11-04,410.41
3,2023-11-05,324.7
3,2023-11-06,468.27
3,2023-11-07,581.44
3,2023-11-08,291.43
3,2023-11-09,615.53
3,2023-11-10,136.16
3,2023-11-11,134.51
3,2023-11-12,370.4
3,2023-11-13,347.43
3,2023-11-14,320.94
3,2023-11-15,443.71
3,2023-11-16,324.51
3,2023-11-17,234.58
3,2023-11-18,316.63
3,2023-11-19,782.43
3,2023-11-20,387.78
3,2023-11-21,411.3
3,2023-11-22,503.58
3,2023-11-23,788.34
3,2023-11-24,269.12
3,2023-11-25,576.9
3,2023-11-26,601.19
3,2023-11-27,525.13
3,2023-11-28,162.0
3,2023-11-29,573.81
3,2023-11-30,144.87
3,2023-12-01,517.3
3,2023-12-02,617.71
3,2023-12-03,247.68
3,2023-12-04,689.14
3,2023-12-05,121.25
3,2023-12-06,690.67
3,2023-12-07,422.23
3,2023-12-08,252.31
3,2023-12-09,193.64
3,2023-12-10,767.32
3,2023-12-11,150.87
3,2023-12-12,239.37
3,2023-12-13,343.48
3,2023-12-14,534.16
3,2023-12-15,481.36
3,2023-12-16,187.95
3,2023-12-17,302.81
3,2023-12-18,267.13
3,2023-12-19,249.48
3,2023-12-20,387.8
3,2023-12-21,592.82
3,2023-12-22,252.22
3,2023-12-23,356.68
3,2023-12-24,373.64
3,2023-12-25,783.52
3,2023-12-26,768.27
3,2023-12-27,660.1
3,2023-12-28,269.16
3,2023-12-29,147.63
3,2023-12-30,321.83
3,2023-12-31,286.76
4,2023-01-01,454.15
4,2023-01-02,644.41
4,2023-01-03,700.83
4,2023-01-04,691.4
4,2023-01-05,351.77
4,2023-01-06,581.06
4,2023-01-07,318.98
4,2023-01-08,142.63
4,2023-01-09,591.1
4,2023-01-10,106.88
4,2023-01-11,386.43
4,2023-01-12,330.57
4,2023-01-13,585.36
4,2023-01-14,636.37
4,2023-01-15,312.87
4,2023-01-16,668.14
4,2023-01-17,305.74
4,2023-01-18,412.43
4,2023-01-19,608.91
4,2023-01-20,585.04
4,2023-01-21,791.16
4,2023-01-22,257.61
4,2023-01-23,563.62
4,2023-01-24,526.78
4,2023-01-25,740.57
4,2023-01-26,209.45
4,2023-01-27,626.26
4,2023-01-28,497.79
4,2023-01-29,292.27
4,2023-01-30,432.1
4,2023-01-31,333.64
4,2023-02-01,505.52
4,2023-02-02,722.3
4,2023-02-03,498.51
4,2023-02-04,542.21
4,2023-02-05,463.12
4,2023-02-06,135.82
4,2023-02-07,263.0
4,2023-02-08,444.4
4,2023-02-09,317.16
4,2023-02-10,227.23
4,2023-02-11,452.89
4,2023-02-12,325.97
4,2023-02-13,280.68
4,2023-02-14,424.79
4,2023-02-15,193.3
4,2023-02-16,749.42
4,2023-02-17,707.39
4,2023-02-18,595.33
4,2023-02-19,174.35
4,2023-02-20,643.11
4,2023-02-21,665.57
4,2023-02-22,637.44
4,2023-02-23,179.78
4,2023-02-24,550.74
4,2023-02-25,684.03
4,2023-02-26,504.15
4,2023-02-27,552.49
4,2023-02-28,420.85
4,2023-03-01,470.1
4,2023-03-02,124.06
4,2023-03-03,547.27
4,2023-03-04,157.01
4,2023-03-05,404.51
4,2023-03-06,304.86
4,2023-03-07,481.8
4,2023-03-08,193.39
4,2023-03-09,584.15
4,2023-03-10,656.51
4,2023-03-11,214.35
4,2023-03-12,173.02
4,2023-03-13,201.86
4,2023-03-14,713.99
4,2023-03-15,469.73
4,2023-03-16,427.08
4,2023-03-17,174.7
4,2023-03-18,554.69
4,2023-03-19,707.6
4,2023-03-20,679.73
4,2023-03-21,538.24
4,2023-03-22,152.7
4,2023-03-23,178.68
4,2023-03-24,134.52
4,2023-03-25,280.24
4,2023-03-26,194.96
4,2023-03-27,282.03
4,2023-03-28,369.54
4,2023-03-29,760.09
4,2023-03-30,527.26
4,2023-03-31,684.48
4,2023-04-01,597.25
4,2023-04-02,178.75
4,2023-04-03,615.14
4,2023-04-04,292.57
4,2023-04-05,547.38
4,2023-04-06,338.67
4,2023-04-07,798.37
4,2023-04-08,284.49
4,2023-04-09,295.39
4,2023-04-10,751.47
4,2023-04-11,117.25
4,2023-04-12,587.68
4,2023-04-13,607.73
4,2023-04-14,685.47
4,2023-04-15,782.11
4,2023-04-16,782.92
4,2023-04-17,145.69
4,2023-04-18,675.29
4,2023-04-19,552.42
4,2023-04-20,553.14
4,2023-04-21,189.84
4,2023-04-22,555.13
4,2023-04-23,787.74
4,2023-04-24,738.27
4,2023-04-25,407.39
4,2023-04-26,127.96
4,2023-04-27,353.61
4,2023-04-28,678.47
4,2023-04-29,591.05
4,2023-04-30,421.54
4,2023-05-01,138.57
4,2023-05-02,398.83
4,2023-05-03,428.32
4,2023-05-04,749.99
4,2023-05-05,548.76
4,2023-05-06,318.16
4,2023-05-07,467.72
4,2023-05-08,146.24
4,2023-05-09,780.8
4,2023-05-10,352.04
4,2023-05-11,434.51
4,2023-05-12,348.7
4,2023-05-13,577.76
4,2023-05-14,563.56
4,2023-05-15,600.73
4,2023-05-16,287.7
4,2023-05-17,320.97
4,2023-05-18,187.68
4,2023-05-19,558.86
4,2023-05-20,127.86
4,2023-05-21,518.38
4,2023-05-22,708.79
4,2023-05-23,723.58
4,2023-05-24,414.33
4,2023-05-25,421.51
4,2023-05-26,153.88
4,2023-05-27,569.54
4,2023-05-28,674.88
4,2023-05-29,271.26
4,2023-05-30,394.91
4,2023-05-31,687.19
4,2023-06-01,713.98
4,2023-06-02,270.23
4,2023-06-03,485.4
4,2023-06-04,234.75
4,2023-06-05,171.32
4,2023-06-06,737.78
4,2023-06-07,674.36
4,2023-06-08,632.02
4,2023-06-09,134.14
4,2023-06-10,690.61
4,2023-06-11,406.63
4,2023-06-12,339.68
4,2023-06-13,482.53
4,2023-06-14,163.95
4,2023-06-15,629.65
4,2023-06-16,507.7
4,2023-06-17,230.61
4,2023-06-18,231.76
4,2023-06-19,228.97
4,2023-06-20,139.9
4,2023-06-21,511.46
4,2023-06-22,688.24
4,2023-06-23,112.25
4,2023-06-24,134.3
4,2023-06-25,500.94
4,2023-06-26,673.65
4,2023-06-27,328.72
4,2023-06-28,344.73
4,2023-06-29,517.44
4,2023-06-30,291.95
4,2023-07-01,118.63
4,2023-07-02,614.66
4,2023-07-03,537.95
4,2023-07-04,506.53
4,2023-07-05,619.18
4,2023-07-06,572.66
4,2023-07-07,244.12
4,2023-07-08,346.74
4,2023-07-09,188.28
4,2023-07-10,190.9
4,2023-07-11,573.34
4,2023-07-12,701.02
4,2023-07-13,773.91
4,2023-07-14,539.84
4,2023-07-15,228.87
4,2023-07-16,173.96
4,2023-07-17,669.0
4,2023-07-18,505.13
4,2023-07-19,532.8
4,2023-07-20,647.02
4,2023-07-21,592.29
4,2023-07-22,684.12
4,2023-07-23,139.35
4,2023-07-24,623.26
4,2023-07-25,695.6
4,2023-07-26,300.29
4,2023-07-27,548.31
4,2023-07-28,319.91
4,2023-07-29,770.58
4,2023-07-30,123.4
4,2023-07-31,505.85
4,2023-08-01,216.55
4,2023-08-02,598.55
4,2023-08-03,223.12
4,2023-08-04,264.77
4,2023-08-05,446.06
4,2023-08-06,740.38
4,2023-08-07,248.2
4,2023-08-08,200.97
4,2023-08-09,631.28
4,2023-08-10,450.43
4,2023-08-11,738.25
4,2023-08-12,202.63
4,2023-08-13,552.15
4,2023-08-14,263.02
4,2023-08-15,209.73
4,2023-08-16,578.4
4,2023-08-17,515.58
4,2023-08-18,628.38
4,2023-08-19,316.62
4,2023-08-20,413.58
4,2023-08-21,383.83
4,2023-08-22,788.86
4,2023-08-23,304.57
4,2023-08-24,306.37
4,2023-08-25,348.18
4,2023-08-26,495.22
4,2023-08-27,276.63
4,2023-08-28,740.7
4,2023-08-29,285.98
4,2023-08-30,727.07
4,2023-08-31,172.43
4,2023-09-01,559.59
4,2023-09-02,734.89
4,2023-09-03,218.12
4,2023-09-04,777.83
4,2023-09-05,417.02
4,2023-09-06,762.0
4,2023-09-07,573.77
4,2023-09-08,311.11
4,2023-09-09,231.81
4,2023-09-10,312.61
4,2023-09-11,165.11
4,2023-09-12,200.71
4,2023-09-13,173.26
4,2023-09-14,396.06
4,2023-09-15,656.9
4,2023-09-16,198.97
4,2023-09-17,191.22
4,2023-09-18,550.4
4,2023-09-19,238.03
4,2023-09-20,168.33
4,2023-09-21,216.79
4,2023-09-22,746.61
4,2023-09-23,675.03
4,2023-09-24,347.85
4,2023-09-25,559.07
4,2023-09-26,476.09
4,2023-09-27,573.99
4,2023-09-28,577.87
4,2023-09-29,540.11
4,2023-09-30,286.27
4,2023-10-01,127.3
4,2023-10-02,418.9
4,2023-10-03,723.68
4,2023-10-04,498.65
4,2023-10-05,682.67
4,2023-10-06,794.14
4,2023-10-07,214.53
4,2023-10-08,584.24
4,2023-10-09,572.01
4,2023-10-10,785.97
4,2023-10-11,789.92
4,2023-10-12,580.68
4,2023-10-13,270.53
4,2023-10-14,658.99
4,2023-10-15,174.92
4,2023-10-16,646.49
4,2023-10-17,737.14
4,2023-10-18,367.98
4,2023-10-19,541.44
4,2023-10-20,401.1
4,2023-10-21,406.44
4,2023-10-22,317.26
4,2023-10-23,633.49
4,2023-10-24,755.32
4,2023-10-25,758.53
4,2023-10-26,222.35
4,2023-10-27,712.32
4,2023-10-28,616.2
4,2023-10-29,276.99
4,2023-10-30,147.1
4,2023-10-31,287.6
4,2023-11-01,738.55
4,2023-11-02,543.23
4,2023-11-03,604.74
4,2023-11-04,280.01
4,2023-11-05,603.57
4,2023-11-06,119.69
4,2023-11-07,362.72
4,2023-11-08,538.73
4,2023-11-09,202.27
4,2023-11-10,676.1
4,2023-11-11,264.52
4,2023-11-12,556.6
4,2023-11-13,383.64
4,2023-11-14,517.23
4,2023-11-15,175.22
4,2023-11-16,111.84
4,2023-11-17,736.7
4,2023-11-18,288.74
4,2023-11-19,673.77
4,2023-11-20,799.55
4,2023-11-21,248.0
4,2023-11-22,285.62
4,2023-11-23,564.0
4,2023-11-24,775.81
4,2023-11-25,741.07
4,2023-11-26,452.01
4,2023-11-27,656.58
4,2023-11-28,195.02
4,2023-11-29,784.21
4,2023-11-30,775.05
4,2023-12-01,214.61
4,2023-12-02,309.6
4,2023-12-03,170.11
4,2023-12-04,290.2
4,2023-12-05,671.17
4,2023-12-06,364.82
4,2023-12-07,161.88
4,2023-12-08,339.56
4,2023-12-09,786.97
4,2023-12-10,540.78
4,2023-12-11,391.31
4,2023-12-12,216.58
4,2023-12-13,790.32
4,2023-12-14,674.59
4,2023-12-15,297.03
4,2023-12-16,149.05
4,2023-12-17,139.64
4,2023-12-18,184.26
4,2023-12-19,506.54
4,2023-12-20,750.13
4,2023-12-21,447.72
4,2023-12-22,690.06
4,2023-12-23,412.12
4,2023-12-24,596.01
4,2023-12-25,612.31
4,2023-12-26,221.77
4,2023-12-27,352.85
4,2023-12-28,546.11
4,2023-12-29,149.49
4,2023-12-30,353.08
4,2023-12-31,474.36
5,2023-01-01,797.36
5,2023-01-02,432.17
5,2023-01-03,671.24
5,2023-01-04,402.45
5,2023-01-05,657.47
5,2023-01-06,516.79
5,2023-01-07,720.62
5,2023-01-08,387.66
5,2023-01-09,523.01
5,2023-01-10,541.01
5,2023-01-11,392.17
5,2023-01-12,201.02
5,2023-01-13,165.49
5,2023-01-14,111.67
5,2023-01-15,711.47
5,2023-01-16,265.53
5,2023-01-17,248.05
5,2023-01-18,615.22
5,2023-01-19,324.01
5,2023-01-20,454.23
5,2023-01-21,213.76
5,2023-01-22,771.82
5,2023-01-23,696.11
5,2023-01-24,704.65
5,2023-01-25,384.74
5,2023-01-26,633.65
5,2023-01-27,200.71
5,2023-01-28,106.03
5,2023-01-29,113.98
5,2023-01-30,510.62
5,2023-01-31,418.78
5,2023-02-01,462.61
5,2023-02-02,105.22
5,2023-02-03,395.88
5,2023-02-04,602.65
5,2023-02-05,409.89
5,2023-02-06,612.55
5,2023-02-07,263.11
5,2023-02-08,669.2
5,2023-02-09,511.9
5,2023-02-10,247.53
5,2023-02-11,265.7
5,2023-02-12,539.62
5,2023-02-13,680.96
5,2023-02-14,390.94
5,2023-02-15,280.81
5,2023-02-16,706.91
5,2023-02-17,568.49
5,2023-02-18,413.66
5,2023-02-19,441.53
5,2023-02-20,242.98
5,2023-02-21,538.76
5,2023-02-22,351.12
5,2023-02-23,796.95
5,2023-02-24,436.13
5,2023-02-25,440.12
5,2023-02-26,496.1
5,2023-02-27,741.73
5,2023-02-28,660.57
5,2023-03-01,415.79
5,2023-03-02,603.09
5,2023-03-03,510.36
5,2023-03-04,444.66
5,2023-03-05,234.62
5,2023-03-06,424.76
5,2023-03-07,272.07
5,2023-03-08,740.39
5,2023-03-09,334.78
5,2023-03-10,766.58
5,2023-03-11,473.14
5,2023-03-12,542.08
5,2023-03-13,480.06
5,2023-03-14,190.57
5,2023-03-15,363.07
5,2023-03-16,169.4
5,2023-03-17,536.07
5,2023-03-18,412.81
5,2023-03-19,644.59
5,2023-03-20,254.33
5,2023-03-21,215.2
5,2023-03-22,384.43
5,2023-03-23,748.61
5,2023-03-24,597.3
5,2023-03-25,393.25
5,2023-03-26,462.09
5,2023-03-27,158.95
5,2023-03-28,789.2
5,2023-03-29,566.49
5,2023-03-30,299.78
5,2023-03-31,510.07
5,2023-04-01,176.64
5,2023-04-02,776.09
5,2023-04-03,222.35
5,2023-04-04,553.62
5,2023-04-05,271.82
5,2023-04-06,602.29
5,2023-04-07,643.77
5,2023-04-08,571.39
5,2023-04-09,530.15
5,2023-04-10,724.73
5,2023-04-11,155.04
5,2023-04-12,331.64
5,2023-04-13,273.8
5,2023-04-14,791.61
5,2023-04-15,372.57
5,2023-04-16,612.83
5,2023-04-17,579.31
5,2023-04-18,248.46
5,2023-04-19,267.3
5,2023-04-20,296.9
5,2023-04-21,387.79
5,2023-04-22,264.03
5,2023-04-23,113.76
5,2023-04-24,715.58
5,2023-04-25,775.93
5,2023-04-26,339.1
5,2023-04-27,336.95
5,2023-04-28,104.96
5,2023-04-29,576.18
5,2023-04-30,677.81
5,2023-05-01,202.63
5,2023-05-02,211.77
5,2023-05-03,653.06
5,2023-05-04,531.4
5,2023-05-05,131.4
5,2023-05-06,535.78
5,2023-05-07,316.24
5,2023-05-08,358.11
5,2023-05-09,638.81
5,2023-05-10,667.65
5,2023-05-11,380.25
5,2023-05-12,763.01
5,2023-05-13,384.52
5,2023-05-14,640.29
5,2023-05-15,438.71
5,2023-05-16,728.27
5,2023-05-17,735.43
5,2023-05-18,161.19
5,2023-05-19,755.55
5,2023-05-20,677.87
5,2023-05-21,653.92
5,2023-05-22,240.64
5,2023-05-23,663.58
5,2023-05-24,695.09
5,2023-05-25,302.41
5,2023-05-26,766.58
5,2023-05-27,134.9
5,2023-05-28,204.94
5,2023-05-29,476.31
5,2023-05-30,503.05
5,2023-05-31,551.61
5,2023-06-01,111.88
5,2023-06-02,772.26
5,2023-06-03,131.21
5,2023-06-04,200.14
5,2023-06-05,109.81
5,2023-06-06,496.8
5,2023-06-07,752.59
5,2023-06-08,566.16
5,2023-06-09,675.86
5,2023-06-10,109.3
5,2023-06-11,479.41
5,2023-06-12,421.69
5,2023-06-13,449.28
5,2023-06-14,150.55
5,2023-06-15,579.1
5,2023-06-16,452.25
5,2023-06-17,635.6
5,2023-06-18,439.7
5,2023-06-19,204.57
5,2023-06-20,553.78
5,2023-06-21,220.67
5,2023-06-22,710.68
5,2023-06-23,529.18
5,2023-06-24,210.04
5,2023-06-25,773.64
5,2023-06-26,462.86
5,2023-06-27,151.03
5,2023-06-28,538.78
5,2023-06-29,277.24
5,2023-06-30,662.59
5,2023-07-01,672.48
5,2023-07-02,785.26
5,2023-07-03,451.31
5,2023-07-04,418.47
5,2023-07-05,627.43
5,2023-07-06,192.73
5,2023-07-07,482.84
5,2023-07-08,482.37
5,2023-07-09,162.63
5,2023-07-10,392.59
5,2023-07-11,697.3
5,2023-07-12,699.31
5,2023-07-13,169.47
5,2023-07-14,163.5
5,2023-07-15,283.89
5,2023-07-16,712.34
5,2023-07-17,190.23
5,2023-07-18,604.0
5,2023-07-19,170.82
5,2023-07-20,536.2
5,2023-07-21,349.25
5,2023-07-22,652.24
5,2023-07-23,263.58
5,2023-07-24,547.44
5,2023-07-25,264.98
5,2023-07-26,599.56
5,2023-07-27,711.57
5,2023-07-28,188.76
5,2023-07-29,706.62
5,2023-07-30,515.5
5,2023-07-31,188.98
5,2023-08-01,399.28
5,2023-08-02,212.6
5,2023-08-03,590.24
5,2023-08-04,631.21
5,2023-08-05,174.06
5,2023-08-06,454.3
5,2023-08-07,670.24
5,2023-08-08,755.31
5,2023-08-09,459.46
5,2023-08-10,765.2
5,2023-08-11,474.98
5,2023-08-12,375.93
5,2023-08-13,693.74
5,2023-08-14,445.09
5,2023-08-15,430.33
5,2023-08-16,443.22
5,2023-08-17,692.75
5,2023-08-18,682.36
5,2023-08-19,382.46
5,2023-08-20,333.31
5,2023-08-21,444.35
5,2023-08-22,500.94
5,2023-08-23,266.84
5,2023-08-24,655.77
5,2023-08-25,440.54
5,2023-08-26,333.83
5,2023-08-27,174.77
5,2023-08-28,267.19
5,2023-08-29,764.5
5,2023-08-30,313.57
5,2023-08-31,218.2
5,2023-09-01,422.47
5,2023-09-02,314.96
5,2023-09-03,124.61
5,2023-09-04,326.2
5,2023-09-05,480.88
5,2023-09-06,486.2
5,2023-09-07,349.59
5,2023-09-08,413.11
5,2023-09-09,775.86
5,2023-09-10,364.14
5,2023-09-11,280.76
5,2023-09-12,270.43
5,2023-09-13,420.44
5,2023-09-14,631.66
5,2023-09-15,244.19
5,2023-09-16,596.51
5,2023-09-17,114.8
5,2023-09-18,393.25
5,2023-09-19,643.11
5,2023-09-20,337.11
5,2023-09-21,494.62
5,2023-09-22,243.49
5,2023-09-23,619.4
5,2023-09-24,136.6
5,2023-09-25,696.78
5,2023-09-26,238.74
5,2023-09-27,712.08
5,2023-09-28,346.77
5,2023-09-29,605.88
5,2023-09-30,323.46
5,2023-10-01,734.14
5,2023-10-02,188.65
5,2023-10-03,224.96
5,2023-10-04,445.12
5,2023-10-05,157.36
5,2023-10-06,237.19
5,2023-10-07,760.64
5,2023-10-08,783.54
5,2023-10-09,363.38
5,2023-10-10,746.3
5,2023-10-11,481.38
5,2023-10-12,288.82
5,2023-10-13,591.68
5,2023-10-14,561.23
5,2023-10-15,792.39
5,2023-10-16,285.53
5,2023-10-17,570.44
5,2023-10-18,136.42
5,2023-10-19,179.55
5,2023-10-20,102.74
5,2023-10-21,799.62
5,2023-10-22,661.59
5,2023-10-23,650.71
5,2023-10-24,456.81
5,2023-10-25,310.05
5,2023-10-26,205.88
5,2023-10-27,299.27
5,2023-10-28,363.18
5,2023-10-29,629.42
5,2023-10-30,477.76
5,2023-10-31,154.24
5,2023-11-01,112.62
5,2023-11-02,171.63
5,2023-11-03,387.35
5,2023-11-04,753.24
5,2023-11-05,546.18
5,2023-11-06,661.28
5,2023-11-07,426.46
5,2023-11-08,353.17
5,2023-11-09,175.88
5,2023-11-10,713.15
5,2023-11-11,648.21
5,2023-11-12,217.68
5,2023-11-13,458.58
5,2023-11-14,441.16
5,2023-11-15,537.56
5,2023-11-16,762.33
5,2023-11-17,505.84
5,2023-11-18,478.15
5,2023-11-19,135.23
5,2023-11-20,144.04
5,2023-11-21,231.14
5,2023-11-22,122.73
5,2023-11-23,620.35
5,2023-11-24,606.33
5,2023-11-25,195.24
5,2023-11-26,685.26
5,2023-11-27,208.35
5,2023-11-28,310.82
5,2023-11-29,274.28
5,2023-11-30,360.61
5,2023-12-01,278.26
5,2023-12-02,442.27
5,2023-12-03,385.19
5,2023-12-04,790.6
5,2023-12-05,139.15
5,2023-12-06,199.53
5,2023-12-07,136.98
5,2023-12-08,538.09
5,2023-12-09,138.16
5,2023-12-10,685.51
5,2023-12-11,458.36
5,2023-12-12,468.91
5,2023-12-13,493.12
5,2023-12-14,219.57
5,2023-12-15,238.38
5,2023-12-16,323.17
5,2023-12-17,515.45
5,2023-12-18,247.08
5,2023-12-19,181.43
5,2023-12-20,779.08
5,2023-12-21,115.39
5,2023-12-22,661.89
5,2023-12-23,651.62
5,2023-12-24,308.05
5,2023-12-25,194.94
5,2023-12-26,201.94
5,2023-12-27,588.2
5,2023-12-28,549.96
5,2023-12-29,647.92
5,2023-12-30,756.24
5,2023-12-31,584.35
6,2023-01-01,209.1
6,2023-01-02,270.41
6,2023-01-03,689.54
6,2023-01-04,246.51
6,2023-01-05,150.77
6,2023-01-06,592.3
6,2023-01-07,381.77
6,2023-01-08,744.03
6,2023-01-09,555.18
6,2023-01-10,163.29
6,2023-01-11,763.5
6,2023-01-12,280.99
6,2023-01-13,336.05
6,2023-01-14,381.58
6,2023-01-15,135.86
6,2023-01-16,447.56
6,2023-01-17,186.32
6,2023-01-18,380.68
6,2023-01-19,345.5
6,2023-01-20,640.99
6,2023-01-21,662.22
6,2023-01-22,207.39
6,2023-01-23,356.59
6,2023-01-24,361.35
6,2023-01-25,205.99
6,2023-01-26,658.92
6,2023-01-27,595.06
6,2023-01-28,233.27
6,2023-01-29,356.71
6,2023-01-30,174.06
6,2023-01-31,539.74
6,2023-02-01,184.96
6,2023-02-02,790.15
6,2023-02-03,646.48
6,2023-02-04,373.17
6,2023-02-05,504.99
6,2023-02-06,737.94
6,2023-02-07,487.87
6,2023-02-08,222.15
6,2023-02-09,365.09
6,2023-02-10,690.2
6,2023-02-11,550.95
6,2023-02-12,555.51
6,2023-02-13,706.78
6,2023-02-14,725.78
6,2023-02-15,743.85
6,2023-02-16,166.39
6,2023-02-17,480.89
6,2023-02-18,618.36
6,2023-02-19,629.85
6,2023-02-20,524.7
6,2023-02-21,216.75
6,2023-02-22,658.19
6,2023-02-23,604.08
6,2023-02-24,160.3
6,2023-02-25,424.67
6,2023-02-26,221.78
6,2023-02-27,336.23
6,2023-02-28,112.66
6,2023-03-01,380.23
6,2023-03-02,484.91
6,2023-03-03,533.71
6,2023-03-04,564.44
6,2023-03-05,685.4
6,2023-03-06,250.82
6,2023-03-07,184.34
6,2023-03-08,696.08
6,2023-03-09,209.63
6,2023-03-10,782.33
6,2023-03-11,689.78
6,2023-03-12,450.61
6,2023-03-13,786.99
6,2023-03-14,168.16
6,2023-03-15,312.15
6,2023-03-16,546.76
6,2023-03-17,345.0
6,2023-03-18,749.86
6,2023-03-19,145.94
6,2023-03-20,484.59
6,2023-03-21,513.61
6,2023-03-22,556.91
6,2023-03-23,278.97
6,2023-03-24,355.2
6,2023-03-25,690.58
6,2023-03-26,236.46
6,2023-03-27,678.81
6,2023-03-28,493.86
6,2023-03-29,633.53
6,2023-03-30,599.53
6,2023-03-31,245.26
6,2023-04-01,498.17
6,2023-04-02,707.41
6,2023-04-03,402.48
6,2023-04-04,776.61
6,2023-04-05,416.55
6,2023-04-06,199.95
6,2023-04-07,372.6
6,2023-04-08,766.19
6,2023-04-09,323.8
6,2023-04-10,707.67
6,2023-04-11,716.88
6,2023-04-12,345.13
6,2023-04-13,158.28
6,2023-04-14,607.19
6,2023-04-15,318.06
6,2023-04-16,648.05
6,2023-04-17,409.86
6,2023-04-18,439.69
6,2023-04-19,644.54
6,2023-04-20,367.65
6,2023-04-21,410.19
6,2023-04-22,363.33
6,2023-04-23,357.14
6,2023-04-24,468.16
6,2023-04-25,666.16
6,2023-04-26,353.24
6,2023-04-27,466.98
6,2023-04-28,569.51
6,2023-04-29,288.61
6,2023-04-30,294.27
6,2023-05-01,753.39
6,2023-05-02,606.47
6,2023-05-03,504.03
6,2023-05-04,553.4
6,2023-05-05,120.51
6,2023-05-06,532.67
6,2023-05-07,456.66
6,2023-05-08,482.02
6,2023-05-09,351.6
6,2023-05-10,157.03
6,2023-05-11,235.34
6,2023-05-12,765.52
6,2023-05-13,386.09
6,2023-05-14,426.68
6,2023-05-15,136.9
6,2023-05-16,126.3
6,2023-05-17,602.03
6,2023-05-18,476.67
6,2023-05-19,456.09
6,2023-05-20,270.19
6,2023-05-21,621.33
6,2023-05-22,217.77
6,2023-05-23,232.95
6,2023-05-24,422.5
6,2023-05-25,300.4
6,2023-05-26,273.22
6,2023-05-27,551.67
6,2023-05-28,555.68
6,2023-05-29,677.16
6,2023-05-30,392.4
6,2023-05-31,151.16
6,2023-06-01,291.57
6,2023-06-02,786.0
6,2023-06-03,517.38
6,2023-06-04,596.82
6,2023-06-05,105.15
6,2023-06-06,462.74
6,2023-06-07,126.27
6,2023-06-08,498.46
6,2023-06-09,744.54
6,2023-06-10,777.89
6,2023-06-11,478.39
6,2023-06-12,420.74
6,2023-06-13,761.51
6,2023-06-14,571.53
6,2023-06-15,145.43
6,2023-06-16,426.01
6,2023-06-17,268.17
6,2023-06-18,428.86
6,2023-06-19,418.83
6,2023-06-20,507.5
6,2023-06-21,349.74
6,2023-06-22,214.99
6,2023-06-23,452.6
6,2023-06-24,681.14
6,2023-06-25,564.81
6,2023-06-26,336.86
6,2023-06-27,754.87
6,2023-06-28,738.55
6,2023-06-29,246.54
6,2023-06-30,127.59
6,2023-07-01,618.92
6,2023-07-02,679.33
6,2023-07-03,777.51
6,2023-07-04,722.89
6,2023-07-05,520.37
6,2023-07-06,471.04
6,2023-07-07,119.49
6,2023-07-08,272.66
6,2023-07-09,421.73
6,2023-07-10,539.95
6,2023-07-11,490.08
6,2023-07-12,619.85
6,2023-07-13,295.84
6,2023-07-14,495.47
6,2023-07-15,161.7
6,2023-07-16,389.57
6,2023-07-17,625.11
6,2023-07-18,585.38
6,2023-07-19,793.45
6,2023-07-20,294.52
6,2023-07-21,448.73
6,2023-07-22,330.67
6,2023-07-23,408.42
6,2023-07-24,699.87
6,2023-07-25,578.95
6,2023-07-26,717.71
6,2023-07-27,242.46
6,2023-07-28,711.35
6,2023-07-29,141.83
6,2023-07-30,722.02
6,2023-07-31,330.35
6,2023-08-01,320.21
6,2023-08-02,458.46
6,2023-08-03,758.48
6,2023-08-04,133.45
6,2023-08-05,346.56
6,2023-08-06,699.6
6,2023-08-07,377.24
6,2023-08-08,239.41
6,2023-08-09,397.36
6,2023-08-10,369.89
6,2023-08-11,740.79
6,2023-08-12,633.35
6,2023-08-13,453.58
6,2023-08-14,791.86
6,2023-08-15,425.69
6,2023-08-16,140.77
6,2023-08-17,283.59
6,2023-08-18,405.25
6,2023-08-19,209.83
6,2023-08-20,763.3
6,2023-08-21,636.79
6,2023-08-22,287.8
6,2023-08-23,513.56
6,2023-08-24,605.01
6,2023-08-25,758.9
6,2023-08-26,717.14
6,2023-08-27,460.63
6,2023-08-28,642.26
6,2023-08-29,493.5
6,2023-08-30,486.89
6,2023-08-31,180.32
6,2023-09-01,188.3
6,2023-09-02,470.67
6,2023-09-03,288.2
6,2023-09-04,114.73
6,2023-09-05,605.99
6,2023-09-06,122.74
6,2023-09-07,516.69
6,2023-09-08,477.44
6,2023-09-09,778.17
6,2023-09-10,438.95
6,2023-09-11,144.52
6,2023-09-12,486.18
6,2023-09-13,688.77
6,2023-09-14,797.79
6,2023-09-15,401.24
6,2023-09-16,324.21
6,2023-09-17,734.66
6,2023-09-18,233.87
6,2023-09-19,530.8
6,2023-09-20,384.0
6,2023-09-21,128.76
6,2023-09-22,343.1
6,2023-09-23,285.66
6,2023-09-24,580.26
6,2023-09-25,764.15
6,2023-09-26,287.63
6,2023-09-27,668.03
6,2023-09-28,138.75
6,2023-09-29,476.68
6,2023-09-30,149.39
6,2023-10-01,753.82
6,2023-10-02,636.45
6,2023-10-03,560.56
6,2023-10-04,676.73
6,2023-10-05,553.26
6,2023-10-06,778.26
6,2023-10-07,599.77
6,2023-10-08,747.26
6,2023-10-09,461.99
6,2023-10-10,181.95
6,2023-10-11,469.72
6,2023-10-12,188.81
6,2023-10-13,514.75
6,2023-10-14,437.75
6,2023-10-15,535.8
6,2023-10-16,107.03
6,2023-10-17,236.39
6,2023-10-18,443.93
6,2023-10-19,765.35
6,2023-10-20,368.53
6,2023-10-21,397.06
6,2023-10-22,600.29
6,2023-10-23,522.65
6,2023-10-24,309.25
6,2023-10-25,387.57
6,2023-10-26,252.39
6,2023-10-27,776.22
6,2023-10-28,191.44
6,2023-10-29,360.29
6,2023-10-30,118.09
6,2023-10-31,255.25
6,2023-11-01,646.33
6,2023-11-02,240.82
6,2023-11-03,156.04
6,2023-11-04,432.12
6,2023-11-05,106.98
6,2023-11-06,159.34
6,2023-11-07,665.34
6,2023-11-08,640.03
6,2023-11-09,740.6
6,2023-11-10,698.16
6,2023-11-11,578.22
6,2023-11-12,136.63
6,2023-11-13,647.99
6,2023-11-14,691.86
6,2023-11-15,659.36
6,2023-11-16,455.94
6,2023-11-17,263.03
6,2023-11-18,691.73
6,2023-11-19,609.01
6,2023-11-20,786.53
6,2023-11-21,208.98
6,2023-11-22,257.97
6,2023-11-23,248.26
6,2023-11-24,654.78
6,2023-11-25,230.84
6,2023-11-26,146.66
6,2023-11-27,798.99
6,2023-11-28,117.37
6,2023-11-29,684.67
6,2023-11-30,355.76
6,2023-12-01,689.13
6,2023-12-02,488.23
6,2023-12-03,731.14
6,2023-12-04,748.34
6,2023-12-05,106.37
6,2023-12-06,152.79
6,2023-12-07,275.25
6,2023-12-08,568.52
6,2023-12-09,721.79
6,2023-12-10,421.96
6,2023-12-11,524.88
6,2023-12-12,231.95
6,2023-12-13,663.48
6,2023-12-14,777.13
6,2023-12-15,288.02
6,2023-12-16,446.38
6,2023-12-17,160.28
6,2023-12-18,491.4
6,2023-12-19,451.95
6,2023-12-20,201.11
6,2023-12-21,409.45
6,2023-12-22,333.87
6,2023-12-23,465.28
6,2023-12-24,509.96
6,2023-12-25,105.95
6,2023-12-26,632.7
6,2023-12-27,599.11
6,2023-12-28,356.4
6,2023-12-29,137.06
6,2023-12-30,628.45
6,2023-12-31,768.62
7,2023-01-01,268.11
7,2023-01-02,326.47
7,2023-01-03,228.67
7,2023-01-04,503.86
7,2023-01-05,208.39
7,2023-01-06,349.34
7,2023-01-07,587.91
7,2023-01-08,492.08
7,2023-01-09,370.52
7,2023-01-10,394.17
7,2023-01-11,493.48
7,2023-01-12,104.11
7,2023-01-13,154.96
7,2023-01-14,716.88
7,2023-01-15,154.52
7,2023-01-16,594.76
7,2023-01-17,744.03
7,2023-01-18,289.48
7,2023-01-19,359.34
7,2023-01-20,498.24
7,2023-01-21,717.2
7,2023-01-22,759.33
7,2023-01-23,617.69
7,2023-01-24,160.63
7,2023-01-25,568.41
7,2023-01-26,387.21
7,2023-01-27,429.49
7,2023-01-28,134.4
7,2023-01-29,233.74
7,2023-01-30,653.36
7,2023-01-31,417.77
7,2023-02-01,311.16
7,2023-02-02,368.81
7,2023-02-03,698.08
7,2023-02-04,624.3
7,2023-02-05,290.62
7,2023-02-06,182.25
7,2023-02-07,276.4
7,2023-02-08,744.53
7,2023-02-09,507.11
7,2023-02-10,473.44
7,2023-02-11,517.48
7,2023-02-12,356.22
7,2023-02-13,664.97
7,2023-02-14,466.3
7,2023-02-15,181.72
7,2023-02-16,190.35
7,2023-02-17,475.8
7,2023-02-18,755.6
7,2023-02-19,315.85
7,2023-02-20,708.68
7,2023-02-21,634.87
7,2023-02-22,273.47
7,2023-02-23,125.44
7,2023-02-24,171.29
7,2023-02-25,609.95
7,2023-02-26,239.77
7,2023-02-27,359.89
7,2023-02-28,451.19
7,2023-03-01,607.83
7,2023-03-02,179.26
7,2023-03-03,384.46
7,2023-03-04,439.55
7,2023-03-05,478.58
7,2023-03-06,672.85
7,2023-03-07,220.17
7,2023-03-08,665.48
7,2023-03-09,585.01
7,2023-03-10,489.11
7,2023-03-11,589.67
7,2023-03-12,388.41
7,2023-03-13,196.88
7,2023-03-14,566.04
7,2023-03-15,467.27
7,2023-03-16,547.56
7,2023-03-17,336.6
7,2023-03-18,734.81
7,2023-03-19,511.16
7,2023-03-20,159.78
7,2023-03-21,414.86
7,2023-03-22,629.45
7,2023-03-23,655.89
7,2023-03-24,446.22
7,2023-03-25,726.32
7,2023-03-26,287.37
7,2023-03-27,387.42
7,2023-03-28,729.02
7,2023-03-29,727.38
7,2023-03-30,580.0
7,2023-03-31,701.29
7,2023-04-01,162.14
7,2023-04-02,705.5
7,2023-04-03,324.43
7,2023-04-04,224.83
7,2023-04-05,267.56
7,2023-04-06,392.58
7,2023-04-07,275.83
7,2023-04-08,324.4
7,2023-04-09,194.48
7,2023-04-10,307.32
7,2023-04-11,500.6
7,2023-04-12,409.3
7,2023-04-13,342.7
7,2023-04-14,622.52
7,2023-04-15,725.46
7,2023-04-16,629.75
7,2023-04-17,332.4
7,2023-04-18,621.11
7,2023-04-19,206.39
7,2023-04-20,191.22
7,2023-04-21,341.94
7,2023-04-22,665.39
7,2023-04-23,272.44
7,2023-04-24,144.28
7,2023-04-25,192.2
7,2023-04-26,701.12
7,2023-04-27,543.65
7,2023-04-28,277.24
7,2023-04-29,488.71
7,2023-04-30,469.31
7,2023-05-01,558.81
7,2023-05-02,263.23
7,2023-05-03,705.08
7,2023-05-04,316.56
7,2023-05-05,585.89
7,2023-05-06,111.29
7,2023-05-07,360.86
7,2023-05-08,346.2
7,2023-05-09,480.44
7,2023-05-10,150.92
7,2023-05-11,653.09
7,2023-05-12,252.45
7,2023-05-13,573.93
7,2023-05-14,662.25
7,2023-05-15,493.31
7,2023-05-16,618.62
7,2023-05-17,563.3
7,2023-05-18,348.87
7,2023-05-19,666.2
7,2023-05-20,306.29
7,2023-05-21,499.85
7,2023-05-22,621.78
7,2023-05-23,365.27
7,2023-05-24,311.94
7,2023-05-25,421.54
7,2023-05-26,672.57
7,2023-05-27,750.95
7,2023-05-28,481.56
7,2023-05-29,563.03
7,2023-05-30,732.29
7,2023-05-31,168.98
7,2023-06-01,262.46
7,2023-06-02,596.23
7,2023-06-03,676.62
7,2023-06-04,699.92
7,2023-06-05,390.58
7,2023-06-06,162.54
7,2023-06-07,406.45
7,2023-06-08,261.51
7,2023-06-09,303.84
7,2023-06-10,640.59
7,2023-06-11,152.87
7,2023-06-12,679.31
7,2023-06-13,399.37
7,2023-06-14,517.24
7,2023-06-15,162.76
7,2023-06-16,336.15
7,2023-06-17,162.79
7,2023-06-18,773.08
7,2023-06-19,665.08
7,2023-06-20,421.74
7,2023-06-21,256.52
7,2023-06-22,753.42
7,2023-06-23,341.22
7,2023-06-24,212.69
7,2023-06-25,494.22
7,2023-06-26,760.64
7,2023-06-27,102.68
7,2023-06-28,266.69
7,2023-06-29,756.91
7,2023-06-30,219.76
7,2023-07-01,179.27
7,2023-07-02,499.13
7,2023-07-03,703.29
7,2023-07-04,433.98
7,2023-07-05,796.19
7,2023-07-06,575.42
7,2023-07-07,151.85
7,2023-07-08,794.98
7,2023-07-09,385.53
7,2023-07-10,301.18
7,2023-07-11,490.52
7,2023-07-12,313.02
7,2023-07-13,160.52
7,2023-07-14,101.0
7,2023-07-15,414.71
7,2023-07-16,685.8
7,2023-07-17,500.62
7,2023-07-18,799.45
7,2023-07-19,300.79
7,2023-07-20,296.32
7,2023-07-21,211.82
7,2023-07-22,214.84
7,2023-07-23,299.63
7,2023-07-24,654.99
7,2023-07-25,734.03
7,2023-07-26,782.56
7,2023-07-27,262.6
7,2023-07-28,716.91
7,2023-07-29,329.78
7,2023-07-30,178.99
7,2023-07-31,709.02
7,2023-08-01,545.27
7,2023-08-02,215.31
7,2023-08-03,400.88
7,2023-08-04,301.08
7,2023-08-05,615.76
7,2023-08-06,417.39
7,2023-08-07,792.5
7,2023-08-08,138.32
7,2023-08-09,348.51
7,2023-08-10,437.33
7,2023-08-11,452.19
7,2023-08-12,321.16
7,2023-08-13,610.47
7,2023-08-14,712.32
7,2023-08-15,757.1
7,2023-08-16,663.57
7,2023-08-17,695.41
7,2023-08-18,485.38
7,2023-08-19,678.12
7,2023-08-20,312.45
7,2023-08-21,378.94
7,2023-08-22,321.84
7,2023-08-23,427.17
7,2023-08-24,299.91
7,2023-08-25,773.13
7,2023-08-26,318.99
7,2023-08-27,168.63
7,2023-08-28,468.77
7,2023-08-29,139.97
7,2023-08-30,177.38
7,2023-08-31,253.57
7,2023-09-01,425.05
7,2023-09-02,403.28
7,2023-09-03,659.78
7,2023-09-04,617.63
7,2023-09-05,398.42
7,2023-09-06,333.59
7,2023-09-07,321.53
7,2023-09-08,641.8
7,2023-09-09,136.45
7,2023-09-10,108.98
7,2023-09-11,656.88
7,2023-09-12,434.0
7,2023-09-13,191.62
7,2023-09-14,264.9
7,2023-09-15,752.75
7,2023-09-16,701.65
7,2023-09-17,596.85
7,2023-09-18,437.56
7,2023-09-19,464.23
7,2023-09-20,782.67
7,2023-09-21,776.04
7,2023-09-22,250.69
7,2023-09-23,667.77
7,2023-09-24,238.07
7,2023-09-25,249.48
7,2023-09-26,573.27
7,2023-09-27,383.5
7,2023-09-28,752.08
7,2023-09-29,162.31
7,2023-09-30,458.07
7,2023-10-01,742.97
7,2023-10-02,732.88
7,2023-10-03,209.57
7,2023-10-04,356.65
7,2023-10-05,533.38
7,2023-10-06,211.58
7,2023-10-07,777.62
7,2023-10-08,740.32
7,2023-10-09,216.87
7,2023-10-10,184.81
7,2023-10-11,159.79
7,2023-10-12,736.61
7,2023-10-13,235.54
7,2023-10-14,391.4
7,2023-10-15,414.2
7,2023-10-16,519.31
7,2023-10-17,150.21
7,2023-10-18,258.73
7,2023-10-19,752.04
7,2023-10-20,735.89
7,2023-10-21,646.9
7,2023-10-22,113.58
7,2023-10-23,328.9
7,2023-10-24,539.57
7,2023-10-25,292.63
7,2023-10-26,736.71
7,2023-10-27,543.72
7,2023-10-28,150.33
7,2023-10-29,736.3
7,2023-10-30,770.44
7,2023-10-31,154.4
7,2023-11-01,472.65
7,2023-11-02,312.35
7,2023-11-03,374.99
7,2023-11-04,225.76
7,2023-11-05,504.65
7,2023-11-06,770.59
7,2023-11-07,452.15
7,2023-11-08,158.04
7,2023-11-09,534.0
7,2023-11-10,338.16
7,2023-11-11,699.15
7,2023-11-12,404.27
7,2023-11-13,234.99
7,2023-11-14,233.77
7,2023-11-15,638.13
7,2023-11-16,285.91
7,2023-11-17,637.06
7,2023-11-18,244.12
7,2023-11-19,325.18
7,2023-11-20,425.84
7,2023-11-21,760.24
7,2023-11-22,752.21
7,2023-11-23,244.81
7,2023-11-24,350.75
7,2023-11-25,204.58
7,2023-11-26,456.99
7,2023-11-27,422.41
7,2023-11-28,730.53
7,2023-11-29,751.0
7,2023-11-30,368.5
7,2023-12-01,444.22
7,2023-12-02,727.37
7,2023-12-03,664.7
7,2023-12-04,102.56
7,2023-12-05,324.04
7,2023-12-06,395.24
7,2023-12-07,260.8
7,2023-12-08,239.7
7,2023-12-09,126.45
7,2023-12-10,550.36
7,2023-12-11,283.76
7,2023-12-12,136.64
7,2023-12-13,261.69
7,2023-12-14,661.34
7,2023-12-15,696.04
7,2023-12-16,438.15
7,2023-12-17,391.25
7,2023-12-18,784.5
7,2023-12-19,240.4
7,2023-12-20,250.75
7,2023-12-21,304.31
7,2023-12-22,220.93
7,2023-12-23,365.56
7,2023-12-24,737.58
7,2023-12-25,530.74
7,2023-12-26,388.36
7,2023-12-27,754.09
7,2023-12-28,133.92
7,2023-12-29,247.19
7,2023-12-30,496.12
7,2023-12-31,530.89
